,,Total signal,1000.000,1000.000,1000.000,1000.000,1000.000,1000.000,1000.000,1000.000,1000.000,1000.000,1000.000,1000.000,1000.000,1000.000,1000.000,1000.000,,,,,,,,,,,,,,,,,,,,,,,,,,,,,,,,,,,,,,,,,,,,,,,,,,,,,,,,,,,,,,,,,,,,,,,,,,,,,,,,,,
,,0s,45%,55%,57%,59%,49%,57%,55%,45%,56%,66%,36%,48%,62%,63%,45%,54%,,,,,,,,,,,,,,,,,,,,,,,,,,,,,,,,,,,,,,,,,,,,,,,,,,,,,,,,,,,,,,,,,,,,,,,,,,,,,,,,,,
,,Data ID,046_P4_A11_Adipose_18C36_PWD_lean_PW_0.mzXML,134_P4_C07_Adipose_18C37_PWD_lean_PW_0.mzXML,132_P4_C06_Adipose_18C40_PWD_lean_PW_0.mzXML,282_P4_F09_Adipose_18C41_PWD_lean_PW_0.mzXML,044_P4_A10_Adipose_18C42_PWD_lean_PW_0.mzXML,028_P4_A02_Adipose_NPC1_PWD_lean_PW_0.mzXML,266_P4_F01_Adipose_NPC2_PWD_lean_PW_0.mzXML,192_P4_D12_Adipose_NPC3_PWD_lean_PW_0.mzXML,370_P4_H05_Adipose_18F52_PWD_obese_PW_0.mzXML,088_P4_B08_Adipose_18F54_PWD_obese_PW_0.mzXML,228_P4_E06_Adipose_18F55_PWD_obese_PW_0.mzXML,122_P4_C01_Adipose_18F57_PWD_obese_PW_0.mzXML,322_P4_G05_Adipose_NPF1_PWD_obese_PW_0.mzXML,380_P4_H10_Adipose_NPF2_PWD_obese_PW_0.mzXML,232_P4_E08_Adipose_NPF4_PWD_obese_PW_0.mzXML,140_P4_C10_Adipose_NPF5_PWD_obese_PW_0.mzXML,,,,,,,,,,,,,,,,,,,,,,,,,,,,,,,,,,,,,,,,,,,,,,,,,,,,,,,,,,,,,,,,,,,,,,,,,,,,,,,,,,
,,Sample ID,18C36,18C37,18C40,18C41,18C42,NPC1,NPC2,NPC3,18F52,18F54,18F55,18F57,NPF1,NPF2,NPF4,NPF5,,,,,,,,,,,,,,,,,,,,,,,,,,,,,,,,,,,,,,,,,,,,,,,,,,,,,,,,,,,,,,,,,,,,,,,,,,,,,,,,,,
,,Phenotype,lean,lean,lean,lean,lean,lean,lean,lean,obese,obese,obese,obese,obese,obese,obese,obese,,,,,,,,,,,,,,,,,,,,,,,,,,,,,,,,,,,,,,,,,,,,,,,,,,,,,,,,,,,,,,,,,,,,,,,,,,,,,,,,,,
,,Group,PWD,PWD,PWD,PWD,PWD,PWD,PWD,PWD,PWD,PWD,PWD,PWD,PWD,PWD,PWD,PWD,,,,,,,,,,,,,,,,,,,,,,,,,,,,,,,,,,,,,,,,,,,,,,,,,,,,,,,,,,,,,,,,,,,,,,,,,,,,,,,,,,
,,Compartment,Adi,Adi,Adi,Adi,Adi,Adi,Adi,Adi,Adi,Adi,Adi,Adi,Adi,Adi,Adi,Adi,,,,,,,,,,,,,,,,,,,,,,,,,,,,,,,,,,,,,,,,,,,,,,,,,,,,,,,,,,,,,,,,,,,,,,,,,,,,,,,,,,
,,Handling,Washed,Washed,Washed,Washed,Washed,Washed,Washed,Washed,Washed,Washed,Washed,Washed,Washed,Washed,Washed,Washed,,,,,,,,,,,,,,,,,,,,,,,,,,,,,,,,,,,,,,,,,,,,,,,,,,,,,,,,,,,,,,,,,,,,,,,,,,,,,,,,,,
,,96wPL No.,P4,P4,P4,P4,P4,P4,P4,P4,P4,P4,P4,P4,P4,P4,P4,P4,,,,,,,,,,,,,,,,,,,,,,,,,,,,,,,,,,,,,,,,,,,,,,,,,,,,,,,,,,,,,,,,,,,,,,,,,,,,,,,,,,
,,Address,A11,C07,C06,F09,A10,A02,F01,D12,H05,B08,E06,C01,G05,H10,E08,C10,,,,,,,,,,,,,,,,,,,,,,,,,,,,,,,,,,,,,,,,,,,,,,,,,,,,,,,,,,,,,,,,,,,,,,,,,,,,,,,,,,
Lipid variable,Category,m/z,18C36,18C37,18C40,18C41,18C42,NPC1,NPC2,NPC3,18F52,18F54,18F55,18F57,NPF1,NPF2,NPF4,NPF5,,,,,,,,,,,,,,,,,,,,,,,,,,,,,,,,,,,,,,,,,,,,,,,,,,,,,,,,,,,,,,,,,,,,,,,,,,,,,,,,,,
CerXX(36:2)_[M-H]1-,Cer,562.5205,0.000,0.000,0.000,0.000,0.000,0.000,0.000,0.000,0.000,0.000,0.000,0.000,0.000,0.000,0.000,0.000,,,,,,,,,,,,,,,,,,,,,,,,,,,,,,,,,,,,,,,,,,,,,,,,,,,,,,,,,,,,,,,,,,,,,,,,,,,,,,,,,,
CerXX(40:2)_[M+OAC]1-,Cer,678.6042,0.000,0.000,0.000,0.000,0.000,0.000,0.000,0.176,0.000,1.424,0.000,0.000,0.000,0.000,0.000,0.000,,,,,,,,,,,,,,,,,,,,,,,,,,,,,,,,,,,,,,,,,,,,,,,,,,,,,,,,,,,,,,,,,,,,,,,,,,,,,,,,,,
CerXX(42:2)_[M+Cl]1-,Cer,682.591,0.011,0.012,0.003,0.028,0.000,0.000,0.504,0.000,0.362,0.264,0.126,0.055,0.000,0.000,0.000,0.000,,,,,,,,,,,,,,,,,,,,,,,,,,,,,,,,,,,,,,,,,,,,,,,,,,,,,,,,,,,,,,,,,,,,,,,,,,,,,,,,,,
LPCXX(15:0)_[M+OAC]1-,LPC,540.3307,2.145,7.042,9.324,2.848,14.764,11.723,3.133,12.337,1.092,14.912,129.249,15.537,0.612,3.458,1.740,5.955,,,,,,,,,,,,,,,,,,,,,,,,,,,,,,,,,,,,,,,,,,,,,,,,,,,,,,,,,,,,,,,,,,,,,,,,,,,,,,,,,,
LPCXX(17:0)_[M+OAC]1-,LPC,568.362,2.006,9.501,11.534,1.482,7.751,9.432,4.660,7.469,0.768,11.565,54.437,16.355,0.526,2.653,2.777,8.424,,,,,,,,,,,,,,,,,,,,,,,,,,,,,,,,,,,,,,,,,,,,,,,,,,,,,,,,,,,,,,,,,,,,,,,,,,,,,,,,,,
LPCXX(17:1)_[M+OAC]1-,LPC,566.3463,2.402,1.104,1.542,2.189,2.179,6.428,4.065,2.358,1.753,15.933,17.291,2.203,0.789,3.855,1.034,0.520,,,,,,,,,,,,,,,,,,,,,,,,,,,,,,,,,,,,,,,,,,,,,,,,,,,,,,,,,,,,,,,,,,,,,,,,,,,,,,,,,,
LPCXX(18:0)_[M+Cl]1-,LPC,558.3332,2.102,3.291,2.267,3.123,6.482,14.026,8.281,4.444,3.191,185.819,19.058,3.201,1.722,14.055,1.839,1.283,,,,,,,,,,,,,,,,,,,,,,,,,,,,,,,,,,,,,,,,,,,,,,,,,,,,,,,,,,,,,,,,,,,,,,,,,,,,,,,,,,
LPCXX(18:1)_[M+Cl]1-,LPC,556.3175,2.779,0.598,1.297,4.218,2.698,9.339,5.926,0.505,3.920,9.039,4.644,2.949,1.693,6.048,1.429,0.331,,,,,,,,,,,,,,,,,,,,,,,,,,,,,,,,,,,,,,,,,,,,,,,,,,,,,,,,,,,,,,,,,,,,,,,,,,,,,,,,,,
LPCXX(18:2)_[M+Cl]1-,LPC,554.3019,0.185,0.450,0.294,0.000,0.479,2.526,2.454,2.663,0.549,5.968,3.048,1.885,0.464,0.808,0.315,0.000,,,,,,,,,,,,,,,,,,,,,,,,,,,,,,,,,,,,,,,,,,,,,,,,,,,,,,,,,,,,,,,,,,,,,,,,,,,,,,,,,,
LPCXX(20:1)_[M+Cl]1-,LPC,584.3488,2.960,0.646,0.970,0.000,12.468,13.177,2.185,1.607,1.931,18.642,7.628,2.130,2.203,5.509,0.715,1.069,,,,,,,,,,,,,,,,,,,,,,,,,,,,,,,,,,,,,,,,,,,,,,,,,,,,,,,,,,,,,,,,,,,,,,,,,,,,,,,,,,
LPCXX(20:4)_[M+Cl]1-,LPC,578.3019,0.000,0.233,0.290,0.000,0.178,1.194,0.603,0.164,0.000,5.330,0.295,0.251,0.901,2.927,0.256,0.343,,,,,,,,,,,,,,,,,,,,,,,,,,,,,,,,,,,,,,,,,,,,,,,,,,,,,,,,,,,,,,,,,,,,,,,,,,,,,,,,,,
LPCXX(22:1)_[M+Cl]1-,LPC,612.3801,0.443,0.269,0.000,1.401,1.643,0.582,0.588,0.888,1.239,5.706,3.066,0.269,0.332,2.312,0.000,0.255,,,,,,,,,,,,,,,,,,,,,,,,,,,,,,,,,,,,,,,,,,,,,,,,,,,,,,,,,,,,,,,,,,,,,,,,,,,,,,,,,,
LPCXX(22:2)_[M+Cl]1-,LPC,610.3645,0.914,0.224,0.767,0.000,0.264,1.611,1.233,0.000,0.371,0.000,0.834,0.817,0.435,3.947,0.192,0.233,,,,,,,,,,,,,,,,,,,,,,,,,,,,,,,,,,,,,,,,,,,,,,,,,,,,,,,,,,,,,,,,,,,,,,,,,,,,,,,,,,
LPCXX(24:0)_[M+OAC]1-,LPC,666.4715,14.220,5.117,4.035,47.201,0.746,14.780,22.557,0.536,132.505,5.385,0.356,18.642,114.387,102.377,15.355,14.619,,,,,,,,,,,,,,,,,,,,,,,,,,,,,,,,,,,,,,,,,,,,,,,,,,,,,,,,,,,,,,,,,,,,,,,,,,,,,,,,,,
LPC-O(19:1)_[M+Cl]1-,LPC,554.3383,3.230,1.139,1.831,2.849,5.932,9.959,3.087,1.455,1.466,11.940,26.005,3.806,1.856,4.882,0.883,2.018,,,,,,,,,,,,,,,,,,,,,,,,,,,,,,,,,,,,,,,,,,,,,,,,,,,,,,,,,,,,,,,,,,,,,,,,,,,,,,,,,,
LPEXX(13:0)_[M-H]1-,LPE,410.2313,8.462,4.305,5.260,16.370,426.889,3.836,26.226,176.662,21.112,22.106,18.964,5.029,16.549,39.870,4.102,2.923,,,,,,,,,,,,,,,,,,,,,,,,,,,,,,,,,,,,,,,,,,,,,,,,,,,,,,,,,,,,,,,,,,,,,,,,,,,,,,,,,,
LPEXX(16:0)_[M-H]1-,LPE,452.2783,3.154,2.171,10.324,1.133,5.523,8.164,2.498,1.579,1.190,7.283,10.855,7.502,1.995,2.695,6.705,9.314,,,,,,,,,,,,,,,,,,,,,,,,,,,,,,,,,,,,,,,,,,,,,,,,,,,,,,,,,,,,,,,,,,,,,,,,,,,,,,,,,,
LPEXX(18:0)_[M-H]1-,LPE,480.3096,21.164,34.462,60.734,26.545,45.647,51.847,27.444,37.011,26.770,10.363,259.848,44.253,28.999,46.394,30.173,50.643,,,,,,,,,,,,,,,,,,,,,,,,,,,,,,,,,,,,,,,,,,,,,,,,,,,,,,,,,,,,,,,,,,,,,,,,,,,,,,,,,,
LPEXX(18:1)_[M-H]1-,LPE,478.2939,2.478,7.070,16.900,7.057,2.775,5.438,8.372,20.939,3.520,8.577,7.373,10.966,8.080,1.457,13.359,12.725,,,,,,,,,,,,,,,,,,,,,,,,,,,,,,,,,,,,,,,,,,,,,,,,,,,,,,,,,,,,,,,,,,,,,,,,,,,,,,,,,,
LPEXX(20:0)_[M-H]1-,LPE,508.3409,9.238,18.592,17.899,3.304,15.140,15.859,3.042,19.561,2.729,10.452,81.565,23.069,5.292,6.610,5.901,18.692,,,,,,,,,,,,,,,,,,,,,,,,,,,,,,,,,,,,,,,,,,,,,,,,,,,,,,,,,,,,,,,,,,,,,,,,,,,,,,,,,,
LPEXX(20:1)_[M-H]1-,LPE,506.3252,1.069,0.694,0.927,1.815,3.230,2.761,2.561,21.358,0.337,1.686,28.859,1.133,0.417,1.423,0.504,1.779,,,,,,,,,,,,,,,,,,,,,,,,,,,,,,,,,,,,,,,,,,,,,,,,,,,,,,,,,,,,,,,,,,,,,,,,,,,,,,,,,,
LPEXX(22:6)_[M-H]1-,LPE,524.2783,9.300,3.215,6.694,28.209,5.710,15.288,38.604,24.413,13.808,34.088,2.097,16.288,34.402,41.251,15.194,12.418,,,,,,,,,,,,,,,,,,,,,,,,,,,,,,,,,,,,,,,,,,,,,,,,,,,,,,,,,,,,,,,,,,,,,,,,,,,,,,,,,,
PAXXX(34:0)_[M-H]1-,PA,675.496483,13.005,3.029,1.415,12.802,55.268,8.871,4.079,31.840,64.998,3.628,3.346,13.718,58.450,46.684,5.311,8.601,,,,,,,,,,,,,,,,,,,,,,,,,,,,,,,,,,,,,,,,,,,,,,,,,,,,,,,,,,,,,,,,,,,,,,,,,,,,,,,,,,
PAXXX(36:0)_[M-H]1-,PA,703.527783,25.584,8.673,6.392,39.566,10.946,21.009,19.153,7.408,111.733,1.380,0.189,29.122,96.167,83.190,9.872,14.657,,,,,,,,,,,,,,,,,,,,,,,,,,,,,,,,,,,,,,,,,,,,,,,,,,,,,,,,,,,,,,,,,,,,,,,,,,,,,,,,,,
PAXXX(36:1)_[M-H]1-,PA,701.512133,0.333,0.285,0.000,0.735,0.181,1.594,0.673,9.932,0.250,0.000,3.735,0.569,0.416,0.000,0.553,0.000,,,,,,,,,,,,,,,,,,,,,,,,,,,,,,,,,,,,,,,,,,,,,,,,,,,,,,,,,,,,,,,,,,,,,,,,,,,,,,,,,,
PAXXX(40:7)_[M-H]1-,PA,745.480833,0.214,0.000,0.017,0.000,0.318,0.000,0.000,0.000,0.378,0.000,2.228,0.343,0.000,0.770,0.026,0.296,,,,,,,,,,,,,,,,,,,,,,,,,,,,,,,,,,,,,,,,,,,,,,,,,,,,,,,,,,,,,,,,,,,,,,,,,,,,,,,,,,
PCXXX(28:2)_[M+OAC]1- ,PC,732.4821,0.000,0.000,0.000,0.000,0.000,0.000,0.000,0.000,0.000,0.000,0.054,0.000,0.000,0.000,0.000,0.000,,,,,,,,,,,,,,,,,,,,,,,,,,,,,,,,,,,,,,,,,,,,,,,,,,,,,,,,,,,,,,,,,,,,,,,,,,,,,,,,,,
PCXXX(31:1)_[M+OAC]1- ,PC,776.5447,4.989,0.374,0.000,0.583,1.146,3.553,0.000,4.794,0.000,0.000,0.377,0.289,0.427,0.000,6.799,10.021,,,,,,,,,,,,,,,,,,,,,,,,,,,,,,,,,,,,,,,,,,,,,,,,,,,,,,,,,,,,,,,,,,,,,,,,,,,,,,,,,,
PCXXX(32:3)_[M+OAC]1- ,PC,786.5291,7.098,26.932,19.149,1.282,0.904,3.636,2.667,8.919,2.557,7.731,2.578,2.257,2.473,0.000,3.898,2.004,,,,,,,,,,,,,,,,,,,,,,,,,,,,,,,,,,,,,,,,,,,,,,,,,,,,,,,,,,,,,,,,,,,,,,,,,,,,,,,,,,
PCXXX(33:1)_[M+OAC]1- ,PC,804.576,44.533,33.069,45.661,26.724,22.931,49.910,25.813,38.566,18.643,0.000,24.292,35.290,13.926,23.990,36.752,52.874,,,,,,,,,,,,,,,,,,,,,,,,,,,,,,,,,,,,,,,,,,,,,,,,,,,,,,,,,,,,,,,,,,,,,,,,,,,,,,,,,,
PCXXX(33:2)_[M+OAC]1- ,PC,802.5604,42.378,25.444,30.411,19.991,24.812,54.389,34.365,6.342,20.729,0.000,20.666,32.863,19.509,26.813,33.065,40.141,,,,,,,,,,,,,,,,,,,,,,,,,,,,,,,,,,,,,,,,,,,,,,,,,,,,,,,,,,,,,,,,,,,,,,,,,,,,,,,,,,
PCXXX(33:3)_[M+OAC]1- ,PC,800.5447,0.614,0.000,0.422,0.630,0.188,0.000,0.243,0.133,0.424,1.410,0.139,0.287,0.528,0.000,0.515,0.000,,,,,,,,,,,,,,,,,,,,,,,,,,,,,,,,,,,,,,,,,,,,,,,,,,,,,,,,,,,,,,,,,,,,,,,,,,,,,,,,,,
PCXXX(33:4)_[M+OAC]1- ,PC,798.5291,0.000,0.000,0.000,5.008,0.898,0.000,0.991,0.316,0.000,0.000,0.204,0.249,0.000,0.000,0.216,0.410,,,,,,,,,,,,,,,,,,,,,,,,,,,,,,,,,,,,,,,,,,,,,,,,,,,,,,,,,,,,,,,,,,,,,,,,,,,,,,,,,,
PCXXX(34:0)_[M+OAC]1-,PC,820.6073,0.000,0.000,0.000,0.000,0.000,0.402,0.000,0.000,0.000,0.000,0.038,0.000,0.000,0.000,0.208,0.000,,,,,,,,,,,,,,,,,,,,,,,,,,,,,,,,,,,,,,,,,,,,,,,,,,,,,,,,,,,,,,,,,,,,,,,,,,,,,,,,,,
PCXXX(34:1)_[M+Cl]1-,PC,794.5472,24.229,20.219,11.575,1.082,11.628,22.465,1.915,30.582,3.162,0.000,6.595,11.734,2.240,3.712,12.754,24.212,,,,,,,,,,,,,,,,,,,,,,,,,,,,,,,,,,,,,,,,,,,,,,,,,,,,,,,,,,,,,,,,,,,,,,,,,,,,,,,,,,
PCXXX(34:1)_[M+OAC]1- ,PC,818.5917,0.937,0.000,0.000,0.880,0.913,0.000,0.529,1.390,0.000,0.000,3.921,0.367,0.000,0.000,0.521,0.000,,,,,,,,,,,,,,,,,,,,,,,,,,,,,,,,,,,,,,,,,,,,,,,,,,,,,,,,,,,,,,,,,,,,,,,,,,,,,,,,,,
PCXXX(34:2)_[M+Cl]1-,PC,792.5316,23.311,13.991,12.499,2.307,14.184,24.575,2.368,9.291,3.540,0.000,5.203,10.355,1.570,3.007,13.208,16.808,,,,,,,,,,,,,,,,,,,,,,,,,,,,,,,,,,,,,,,,,,,,,,,,,,,,,,,,,,,,,,,,,,,,,,,,,,,,,,,,,,
PCXXX(34:2)_[M+OAC]1- ,PC,816.576,0.799,0.000,0.000,0.000,1.046,0.481,0.602,2.196,0.367,0.000,3.833,1.102,0.896,0.000,0.201,0.257,,,,,,,,,,,,,,,,,,,,,,,,,,,,,,,,,,,,,,,,,,,,,,,,,,,,,,,,,,,,,,,,,,,,,,,,,,,,,,,,,,
PCXXX(34:3)_[M+OAC]1- ,PC,814.5604,0.261,0.242,0.336,1.368,0.139,0.000,0.000,0.411,0.859,0.000,0.060,0.963,0.429,0.000,0.861,0.418,,,,,,,,,,,,,,,,,,,,,,,,,,,,,,,,,,,,,,,,,,,,,,,,,,,,,,,,,,,,,,,,,,,,,,,,,,,,,,,,,,
PCXXX(34:5)_[M+OAC]1- ,PC,810.5291,24.949,43.097,31.456,34.402,5.412,17.302,21.379,4.522,44.823,0.000,0.617,49.706,66.763,55.807,61.312,46.179,,,,,,,,,,,,,,,,,,,,,,,,,,,,,,,,,,,,,,,,,,,,,,,,,,,,,,,,,,,,,,,,,,,,,,,,,,,,,,,,,,
PCXXX(34:6)_[M+OAC]1- ,PC,808.5134,0.185,0.354,0.000,0.506,0.006,0.000,0.000,0.000,0.000,0.000,3.154,2.290,0.544,0.867,2.512,0.665,,,,,,,,,,,,,,,,,,,,,,,,,,,,,,,,,,,,,,,,,,,,,,,,,,,,,,,,,,,,,,,,,,,,,,,,,,,,,,,,,,
PCXXX(35:2)_[M+OAC]1- ,PC,830.5917,70.633,58.362,68.026,39.460,29.400,88.968,42.538,7.840,48.519,0.000,10.099,55.040,48.513,60.818,45.805,52.974,,,,,,,,,,,,,,,,,,,,,,,,,,,,,,,,,,,,,,,,,,,,,,,,,,,,,,,,,,,,,,,,,,,,,,,,,,,,,,,,,,
PCXXX(35:3)_[M+OAC]1- ,PC,828.576,20.406,11.747,9.932,2.405,5.326,16.673,1.018,0.729,6.551,0.000,3.238,13.286,2.171,2.762,11.247,11.388,,,,,,,,,,,,,,,,,,,,,,,,,,,,,,,,,,,,,,,,,,,,,,,,,,,,,,,,,,,,,,,,,,,,,,,,,,,,,,,,,,
PCXXX(35:4)_[M+OAC]1- ,PC,826.5604,15.412,10.407,6.876,3.843,8.278,11.478,3.851,5.663,4.948,0.562,6.431,12.990,2.561,1.364,8.526,7.492,,,,,,,,,,,,,,,,,,,,,,,,,,,,,,,,,,,,,,,,,,,,,,,,,,,,,,,,,,,,,,,,,,,,,,,,,,,,,,,,,,
PCXXX(35:5)_[M+Cl]1-,PC,800.5003,0.000,0.000,0.000,0.464,0.082,0.000,0.000,0.000,0.000,0.000,0.156,0.000,0.000,0.656,0.000,0.000,,,,,,,,,,,,,,,,,,,,,,,,,,,,,,,,,,,,,,,,,,,,,,,,,,,,,,,,,,,,,,,,,,,,,,,,,,,,,,,,,,
PCXXX(35:5)_[M+OAC]1- ,PC,824.5447,0.000,0.000,0.000,0.000,0.000,0.365,0.000,0.092,0.000,0.000,0.000,0.000,0.000,0.000,0.000,0.000,,,,,,,,,,,,,,,,,,,,,,,,,,,,,,,,,,,,,,,,,,,,,,,,,,,,,,,,,,,,,,,,,,,,,,,,,,,,,,,,,,
PCXXX(36:0)_[M+OAC]1-,PC,848.6386,0.487,0.738,0.000,0.000,0.000,0.486,0.000,5.331,0.000,0.000,0.054,0.000,0.000,0.000,0.269,0.226,,,,,,,,,,,,,,,,,,,,,,,,,,,,,,,,,,,,,,,,,,,,,,,,,,,,,,,,,,,,,,,,,,,,,,,,,,,,,,,,,,
PCXXX(36:2)_[M+Cl]1-,PC,820.5629,37.495,40.885,31.640,1.883,14.346,39.111,5.409,3.988,15.892,0.000,2.381,23.162,13.253,9.680,17.814,27.812,,,,,,,,,,,,,,,,,,,,,,,,,,,,,,,,,,,,,,,,,,,,,,,,,,,,,,,,,,,,,,,,,,,,,,,,,,,,,,,,,,
PCXXX(36:2)_[M+OAC]1- ,PC,844.6073,3.295,0.587,1.409,0.787,1.625,1.005,1.177,0.171,0.382,0.000,0.661,0.000,1.022,0.582,2.116,0.348,,,,,,,,,,,,,,,,,,,,,,,,,,,,,,,,,,,,,,,,,,,,,,,,,,,,,,,,,,,,,,,,,,,,,,,,,,,,,,,,,,
PCXXX(36:3)_[M+Cl]1-,PC,818.5472,6.662,5.118,1.835,1.174,3.577,4.513,0.598,0.912,0.000,0.000,10.650,3.320,0.454,0.000,1.966,2.242,,,,,,,,,,,,,,,,,,,,,,,,,,,,,,,,,,,,,,,,,,,,,,,,,,,,,,,,,,,,,,,,,,,,,,,,,,,,,,,,,,
PCXXX(36:3)_[M+OAC]1- ,PC,842.5917,0.632,0.000,0.000,1.291,0.146,1.330,0.000,0.000,1.090,0.000,0.287,0.298,1.400,0.000,0.436,0.261,,,,,,,,,,,,,,,,,,,,,,,,,,,,,,,,,,,,,,,,,,,,,,,,,,,,,,,,,,,,,,,,,,,,,,,,,,,,,,,,,,
PCXXX(36:4)_[M+Cl]1-,PC,816.5316,3.949,5.755,0.440,0.722,2.584,1.371,0.620,3.254,0.319,0.000,0.376,0.918,0.492,0.000,1.177,2.168,,,,,,,,,,,,,,,,,,,,,,,,,,,,,,,,,,,,,,,,,,,,,,,,,,,,,,,,,,,,,,,,,,,,,,,,,,,,,,,,,,
PCXXX(36:4)_[M+OAC]1- ,PC,840.576,0.214,0.000,0.000,0.000,0.000,0.000,0.000,0.036,0.000,0.000,0.073,0.504,0.000,0.000,0.000,0.000,,,,,,,,,,,,,,,,,,,,,,,,,,,,,,,,,,,,,,,,,,,,,,,,,,,,,,,,,,,,,,,,,,,,,,,,,,,,,,,,,,
PCXXX(36:6)_[M+OAC]1- ,PC,836.5447,0.503,2.306,0.993,0.416,0.400,0.720,0.000,6.833,0.330,0.000,1.715,0.361,0.000,0.057,0.707,0.838,,,,,,,,,,,,,,,,,,,,,,,,,,,,,,,,,,,,,,,,,,,,,,,,,,,,,,,,,,,,,,,,,,,,,,,,,,,,,,,,,,
PCXXX(36:7)_[M+OAC]1- ,PC,834.5291,21.149,26.125,32.303,12.358,6.977,35.750,36.663,71.384,19.404,0.000,16.001,23.763,41.692,20.966,33.670,27.960,,,,,,,,,,,,,,,,,,,,,,,,,,,,,,,,,,,,,,,,,,,,,,,,,,,,,,,,,,,,,,,,,,,,,,,,,,,,,,,,,,
PCXXX(36:8)_[M+OAC]1- ,PC,832.5134,0.184,0.278,0.321,0.000,0.106,0.000,0.000,0.243,0.000,1.300,0.173,0.371,0.000,0.745,0.787,0.688,,,,,,,,,,,,,,,,,,,,,,,,,,,,,,,,,,,,,,,,,,,,,,,,,,,,,,,,,,,,,,,,,,,,,,,,,,,,,,,,,,
PCXXX(37:2)_[M+Cl]1-,PC,834.5785,0.000,0.242,0.000,0.000,0.229,0.000,0.000,0.138,0.000,0.000,0.009,0.000,0.000,0.000,0.000,0.000,,,,,,,,,,,,,,,,,,,,,,,,,,,,,,,,,,,,,,,,,,,,,,,,,,,,,,,,,,,,,,,,,,,,,,,,,,,,,,,,,,
PCXXX(37:2)_[M+OAC]1- ,PC,858.623,0.000,0.280,0.000,0.000,0.000,0.000,0.000,0.000,0.000,0.000,0.113,0.000,0.000,0.000,0.000,0.000,,,,,,,,,,,,,,,,,,,,,,,,,,,,,,,,,,,,,,,,,,,,,,,,,,,,,,,,,,,,,,,,,,,,,,,,,,,,,,,,,,
PCXXX(37:3)_[M+Cl]1-,PC,832.5629,0.000,0.000,0.346,0.000,0.147,0.551,0.000,0.366,0.000,0.000,0.763,0.000,0.000,0.000,0.000,0.000,,,,,,,,,,,,,,,,,,,,,,,,,,,,,,,,,,,,,,,,,,,,,,,,,,,,,,,,,,,,,,,,,,,,,,,,,,,,,,,,,,
PCXXX(37:4)_[M+OAC]1- ,PC,854.5917,19.490,16.129,15.383,3.414,7.355,14.280,7.201,5.937,9.504,0.000,2.852,21.208,3.997,3.684,13.454,11.012,,,,,,,,,,,,,,,,,,,,,,,,,,,,,,,,,,,,,,,,,,,,,,,,,,,,,,,,,,,,,,,,,,,,,,,,,,,,,,,,,,
PCXXX(37:5)_[M+OAC]1- ,PC,852.576,2.319,0.824,0.601,0.416,0.276,0.780,0.533,0.751,0.000,0.000,0.083,3.350,0.473,0.000,0.321,1.326,,,,,,,,,,,,,,,,,,,,,,,,,,,,,,,,,,,,,,,,,,,,,,,,,,,,,,,,,,,,,,,,,,,,,,,,,,,,,,,,,,
PCXXX(37:6)_[M+OAC]1- ,PC,850.5604,0.212,0.157,0.332,0.000,0.803,0.000,0.000,3.394,0.000,0.000,1.092,0.332,0.000,1.125,0.171,0.287,,,,,,,,,,,,,,,,,,,,,,,,,,,,,,,,,,,,,,,,,,,,,,,,,,,,,,,,,,,,,,,,,,,,,,,,,,,,,,,,,,
PCXXX(37:7)_[M+Cl]1-,PC,824.5003,0.227,0.260,0.345,0.000,0.000,0.000,0.929,0.233,0.000,0.000,0.000,0.000,0.000,0.000,0.000,0.000,,,,,,,,,,,,,,,,,,,,,,,,,,,,,,,,,,,,,,,,,,,,,,,,,,,,,,,,,,,,,,,,,,,,,,,,,,,,,,,,,,
PCXXX(37:7)_[M+OAC]1- ,PC,848.5447,0.000,0.156,0.000,0.000,0.101,0.000,0.000,0.152,0.000,0.000,0.093,0.000,0.443,0.000,0.000,0.624,,,,,,,,,,,,,,,,,,,,,,,,,,,,,,,,,,,,,,,,,,,,,,,,,,,,,,,,,,,,,,,,,,,,,,,,,,,,,,,,,,
PCXXX(38:0)_[M+Cl]1-,PC,852.6255,0.151,0.000,0.000,0.000,0.000,0.000,0.465,0.000,0.209,1.348,0.000,0.000,0.000,0.833,0.128,0.000,,,,,,,,,,,,,,,,,,,,,,,,,,,,,,,,,,,,,,,,,,,,,,,,,,,,,,,,,,,,,,,,,,,,,,,,,,,,,,,,,,
PCXXX(38:0)_[M+OAC]1-,PC,876.6699,0.128,0.000,0.000,0.000,0.000,0.000,0.000,0.000,0.000,0.000,0.000,0.000,0.000,0.000,0.000,0.000,,,,,,,,,,,,,,,,,,,,,,,,,,,,,,,,,,,,,,,,,,,,,,,,,,,,,,,,,,,,,,,,,,,,,,,,,,,,,,,,,,
PCXXX(38:2)_[M+OAC]1- ,PC,872.6386,0.021,0.000,0.402,0.000,0.000,0.000,0.000,0.000,0.000,0.000,0.000,0.000,0.000,0.000,0.000,0.000,,,,,,,,,,,,,,,,,,,,,,,,,,,,,,,,,,,,,,,,,,,,,,,,,,,,,,,,,,,,,,,,,,,,,,,,,,,,,,,,,,
PCXXX(38:3)_[M+OAC]1- ,PC,870.623,0.000,0.000,0.000,0.000,0.000,0.000,0.281,0.000,0.000,0.000,0.000,0.324,0.000,0.000,0.152,0.000,,,,,,,,,,,,,,,,,,,,,,,,,,,,,,,,,,,,,,,,,,,,,,,,,,,,,,,,,,,,,,,,,,,,,,,,,,,,,,,,,,
PCXXX(38:4)_[M+Cl]1-,PC,844.5629,7.775,7.716,2.965,1.466,2.836,2.513,0.000,1.681,0.637,0.000,3.613,5.410,1.524,0.000,0.949,1.728,,,,,,,,,,,,,,,,,,,,,,,,,,,,,,,,,,,,,,,,,,,,,,,,,,,,,,,,,,,,,,,,,,,,,,,,,,,,,,,,,,
PCXXX(38:4)_[M+OAC]1- ,PC,868.6073,0.189,0.000,0.363,0.000,0.000,0.000,0.000,0.000,0.000,0.000,0.124,0.239,0.000,0.000,0.000,0.000,,,,,,,,,,,,,,,,,,,,,,,,,,,,,,,,,,,,,,,,,,,,,,,,,,,,,,,,,,,,,,,,,,,,,,,,,,,,,,,,,,
PCXXX(38:5)_[M+Cl]1-,PC,842.5472,0.291,0.714,0.000,0.000,0.148,0.980,0.000,0.346,0.000,0.000,3.442,0.707,0.000,0.000,0.000,0.554,,,,,,,,,,,,,,,,,,,,,,,,,,,,,,,,,,,,,,,,,,,,,,,,,,,,,,,,,,,,,,,,,,,,,,,,,,,,,,,,,,
PCXXX(38:5)_[M+OAC]1- ,PC,866.5917,0.000,0.000,0.000,0.000,0.000,0.000,0.000,0.000,0.000,0.000,0.000,0.000,0.000,0.000,0.383,0.000,,,,,,,,,,,,,,,,,,,,,,,,,,,,,,,,,,,,,,,,,,,,,,,,,,,,,,,,,,,,,,,,,,,,,,,,,,,,,,,,,,
PCXXX(38:6)_[M+Cl]1-,PC,840.5316,0.374,0.000,0.000,0.240,0.000,1.026,0.000,3.008,0.000,0.000,0.002,0.000,0.000,0.000,0.000,0.000,,,,,,,,,,,,,,,,,,,,,,,,,,,,,,,,,,,,,,,,,,,,,,,,,,,,,,,,,,,,,,,,,,,,,,,,,,,,,,,,,,
PCXXX(38:6)_[M+OAC]1- ,PC,864.576,0.000,0.000,0.000,0.000,0.494,0.000,0.000,0.303,0.000,0.000,0.064,0.000,0.000,0.000,0.000,0.000,,,,,,,,,,,,,,,,,,,,,,,,,,,,,,,,,,,,,,,,,,,,,,,,,,,,,,,,,,,,,,,,,,,,,,,,,,,,,,,,,,
PCXXX(38:7)_[M+OAC]1- ,PC,862.5604,0.000,0.000,0.000,0.000,2.323,0.691,0.000,0.661,0.000,1.313,4.305,0.334,0.000,0.000,0.000,0.000,,,,,,,,,,,,,,,,,,,,,,,,,,,,,,,,,,,,,,,,,,,,,,,,,,,,,,,,,,,,,,,,,,,,,,,,,,,,,,,,,,
PCXXX(38:9)_[M+OAC]1- ,PC,858.5291,2.940,3.582,5.539,6.708,0.750,3.296,3.301,1.681,1.887,1.998,0.854,4.940,3.671,2.220,11.825,6.627,,,,,,,,,,,,,,,,,,,,,,,,,,,,,,,,,,,,,,,,,,,,,,,,,,,,,,,,,,,,,,,,,,,,,,,,,,,,,,,,,,
PCXXX(39:2)_[M+OAC]1- ,PC,886.6543,0.000,0.000,0.000,0.000,0.000,0.000,0.000,0.000,0.000,0.000,0.000,0.000,0.000,0.000,0.000,0.000,,,,,,,,,,,,,,,,,,,,,,,,,,,,,,,,,,,,,,,,,,,,,,,,,,,,,,,,,,,,,,,,,,,,,,,,,,,,,,,,,,
PCXXX(39:3)_[M+OAC]1- ,PC,884.6386,0.000,0.000,0.000,0.000,0.000,0.000,0.000,0.000,0.000,0.000,0.000,0.000,0.000,0.000,0.000,0.000,,,,,,,,,,,,,,,,,,,,,,,,,,,,,,,,,,,,,,,,,,,,,,,,,,,,,,,,,,,,,,,,,,,,,,,,,,,,,,,,,,
PCXXX(39:4)_[M+Cl]1-,PC,858.5785,0.000,0.000,0.000,0.000,0.009,0.000,0.000,0.144,0.000,1.152,0.109,0.000,0.000,0.000,0.000,0.000,,,,,,,,,,,,,,,,,,,,,,,,,,,,,,,,,,,,,,,,,,,,,,,,,,,,,,,,,,,,,,,,,,,,,,,,,,,,,,,,,,
PCXXX(39:4)_[M+OAC]1-,PC,882.623,0.189,0.000,0.000,0.000,0.000,0.000,0.000,0.118,0.000,0.000,0.000,0.000,0.000,0.000,0.000,0.000,,,,,,,,,,,,,,,,,,,,,,,,,,,,,,,,,,,,,,,,,,,,,,,,,,,,,,,,,,,,,,,,,,,,,,,,,,,,,,,,,,
PCXXX(39:5)_[M+OAC]1- ,PC,880.6073,0.893,0.000,0.000,0.000,0.000,0.816,0.000,0.659,0.296,0.000,0.304,0.312,0.000,0.000,1.065,0.512,,,,,,,,,,,,,,,,,,,,,,,,,,,,,,,,,,,,,,,,,,,,,,,,,,,,,,,,,,,,,,,,,,,,,,,,,,,,,,,,,,
PCXXX(39:6)_[M+OAC]1-,PC,878.5917,0.533,0.000,0.275,0.000,0.265,0.612,0.000,6.315,0.000,0.000,0.465,0.405,0.000,0.000,1.632,0.917,,,,,,,,,,,,,,,,,,,,,,,,,,,,,,,,,,,,,,,,,,,,,,,,,,,,,,,,,,,,,,,,,,,,,,,,,,,,,,,,,,
PCXXX(39:7)_[M+OAC]1- ,PC,876.576,0.000,0.000,0.292,0.000,0.132,0.000,0.109,0.167,0.000,0.997,0.008,0.327,0.000,0.000,0.000,0.000,,,,,,,,,,,,,,,,,,,,,,,,,,,,,,,,,,,,,,,,,,,,,,,,,,,,,,,,,,,,,,,,,,,,,,,,,,,,,,,,,,
PCXXX(40:0)_[M+Cl]1-,PC,880.6568,0.000,0.000,0.000,0.483,0.000,0.000,5.679,0.000,0.000,0.000,0.000,0.345,0.000,0.000,0.213,0.000,,,,,,,,,,,,,,,,,,,,,,,,,,,,,,,,,,,,,,,,,,,,,,,,,,,,,,,,,,,,,,,,,,,,,,,,,,,,,,,,,,
PCXXX(40:1)_[M+Cl]1-,PC,878.6411,0.000,0.000,0.000,0.000,0.000,0.000,0.000,0.000,0.000,0.000,0.000,0.000,0.000,0.000,0.000,0.000,,,,,,,,,,,,,,,,,,,,,,,,,,,,,,,,,,,,,,,,,,,,,,,,,,,,,,,,,,,,,,,,,,,,,,,,,,,,,,,,,,
PCXXX(40:1)_[M+OAC]1- ,PC,902.6856,0.000,0.000,0.000,0.000,0.000,0.000,0.000,0.000,0.000,0.000,0.000,0.000,0.000,0.000,0.000,0.000,,,,,,,,,,,,,,,,,,,,,,,,,,,,,,,,,,,,,,,,,,,,,,,,,,,,,,,,,,,,,,,,,,,,,,,,,,,,,,,,,,
PCXXX(40:10)_[M+OAC]1-,PC,884.5447,1.665,6.472,4.880,1.885,0.791,0.000,2.014,1.296,1.445,0.857,0.411,0.997,4.238,0.735,15.877,6.282,,,,,,,,,,,,,,,,,,,,,,,,,,,,,,,,,,,,,,,,,,,,,,,,,,,,,,,,,,,,,,,,,,,,,,,,,,,,,,,,,,
PCXXX(40:2)_[M+Cl]1-,PC,876.6255,0.217,0.000,0.372,0.000,0.000,0.000,0.000,0.000,0.000,1.781,0.000,0.000,0.000,0.387,0.000,0.000,,,,,,,,,,,,,,,,,,,,,,,,,,,,,,,,,,,,,,,,,,,,,,,,,,,,,,,,,,,,,,,,,,,,,,,,,,,,,,,,,,
PCXXX(40:2)_[M+OAC]1- ,PC,900.6699,0.396,0.000,0.000,0.000,0.000,0.000,0.000,0.000,0.000,0.000,0.000,0.000,0.000,0.000,0.000,0.000,,,,,,,,,,,,,,,,,,,,,,,,,,,,,,,,,,,,,,,,,,,,,,,,,,,,,,,,,,,,,,,,,,,,,,,,,,,,,,,,,,
PCXXX(40:3)_[M+Cl]1-,PC,874.6098,1.392,0.320,1.435,0.000,0.608,0.664,1.296,0.000,0.000,0.000,0.145,0.958,0.000,0.000,1.407,0.335,,,,,,,,,,,,,,,,,,,,,,,,,,,,,,,,,,,,,,,,,,,,,,,,,,,,,,,,,,,,,,,,,,,,,,,,,,,,,,,,,,
PCXXX(40:4)_[M+Cl]1-,PC,872.5942,0.326,0.270,0.000,0.000,0.000,0.000,0.748,0.000,0.000,0.660,0.217,0.000,0.000,0.000,0.000,0.000,,,,,,,,,,,,,,,,,,,,,,,,,,,,,,,,,,,,,,,,,,,,,,,,,,,,,,,,,,,,,,,,,,,,,,,,,,,,,,,,,,
PCXXX(40:5)_[M+Cl]1-,PC,870.5785,0.000,0.000,0.000,0.000,0.132,0.000,0.517,0.310,0.000,0.000,1.544,0.283,0.000,0.677,0.821,0.000,,,,,,,,,,,,,,,,,,,,,,,,,,,,,,,,,,,,,,,,,,,,,,,,,,,,,,,,,,,,,,,,,,,,,,,,,,,,,,,,,,
PCXXX(40:6)_[M+Cl]1-,PC,868.5629,0.000,0.000,0.000,0.000,0.860,0.000,0.000,1.411,0.000,0.856,0.056,0.000,0.000,0.000,0.000,0.320,,,,,,,,,,,,,,,,,,,,,,,,,,,,,,,,,,,,,,,,,,,,,,,,,,,,,,,,,,,,,,,,,,,,,,,,,,,,,,,,,,
PCXXX(40:6)_[M+OAC]1- ,PC,892.6073,0.148,0.000,0.000,0.567,0.109,0.000,0.000,0.999,0.000,0.000,0.000,0.000,0.000,0.000,0.000,0.000,,,,,,,,,,,,,,,,,,,,,,,,,,,,,,,,,,,,,,,,,,,,,,,,,,,,,,,,,,,,,,,,,,,,,,,,,,,,,,,,,,
PCXXX(40:9)_[M+OAC]1- ,PC,886.5604,29.118,65.512,68.060,61.612,19.503,10.621,44.804,22.848,33.088,0.000,12.519,23.757,50.361,18.116,53.919,43.545,,,,,,,,,,,,,,,,,,,,,,,,,,,,,,,,,,,,,,,,,,,,,,,,,,,,,,,,,,,,,,,,,,,,,,,,,,,,,,,,,,
PCXXX(41:0)_[M+Cl]1-,PC,894.6724,0.000,0.000,0.000,0.000,0.000,0.000,10.231,0.000,0.000,0.000,0.000,0.229,0.000,0.000,0.000,0.276,,,,,,,,,,,,,,,,,,,,,,,,,,,,,,,,,,,,,,,,,,,,,,,,,,,,,,,,,,,,,,,,,,,,,,,,,,,,,,,,,,
PCXXX(41:1)_[M+OAC]1-,PC,916.7012,0.256,0.000,0.000,0.000,0.000,0.000,0.000,0.000,0.000,0.836,0.000,0.000,0.000,0.697,0.000,0.000,,,,,,,,,,,,,,,,,,,,,,,,,,,,,,,,,,,,,,,,,,,,,,,,,,,,,,,,,,,,,,,,,,,,,,,,,,,,,,,,,,
PCXXX(41:2)_[M+OAC]1-,PC,914.6856,0.000,0.000,0.000,0.000,0.000,0.000,0.000,0.074,0.000,10.340,0.000,0.000,0.000,0.000,0.000,0.000,,,,,,,,,,,,,,,,,,,,,,,,,,,,,,,,,,,,,,,,,,,,,,,,,,,,,,,,,,,,,,,,,,,,,,,,,,,,,,,,,,
PCXXX(41:4)_[M+Cl]1-,PC,886.6098,0.163,0.174,0.000,0.000,0.000,0.000,0.000,0.099,0.000,0.000,0.000,0.000,0.000,0.000,0.000,0.000,,,,,,,,,,,,,,,,,,,,,,,,,,,,,,,,,,,,,,,,,,,,,,,,,,,,,,,,,,,,,,,,,,,,,,,,,,,,,,,,,,
PCXXX(41:4)_[M+OAC]1-,PC,910.6543,0.000,0.000,0.000,0.000,0.000,0.000,0.000,0.000,0.000,0.000,0.000,0.277,0.000,0.588,0.000,0.000,,,,,,,,,,,,,,,,,,,,,,,,,,,,,,,,,,,,,,,,,,,,,,,,,,,,,,,,,,,,,,,,,,,,,,,,,,,,,,,,,,
PCXXX(41:5)_[M+Cl]1-,PC,884.5942,0.000,0.000,0.000,0.000,0.000,0.000,0.000,0.000,0.369,0.000,0.027,0.000,0.000,0.000,0.000,0.000,,,,,,,,,,,,,,,,,,,,,,,,,,,,,,,,,,,,,,,,,,,,,,,,,,,,,,,,,,,,,,,,,,,,,,,,,,,,,,,,,,
PCXXX(41:6)_[M+Cl]1-,PC,882.5785,0.144,0.000,0.061,0.000,0.189,0.000,0.000,0.000,0.069,0.000,0.079,0.000,0.000,0.000,0.013,0.000,,,,,,,,,,,,,,,,,,,,,,,,,,,,,,,,,,,,,,,,,,,,,,,,,,,,,,,,,,,,,,,,,,,,,,,,,,,,,,,,,,
PCXXX(41:7)_[M+Cl]1-,PC,880.5629,0.000,0.250,0.311,0.490,0.187,0.000,0.000,0.134,0.000,0.000,0.000,0.281,0.000,0.000,0.212,0.289,,,,,,,,,,,,,,,,,,,,,,,,,,,,,,,,,,,,,,,,,,,,,,,,,,,,,,,,,,,,,,,,,,,,,,,,,,,,,,,,,,
PCXXX(42:1)_[M+Cl]1-,PC,906.6724,0.000,0.000,0.000,0.000,0.000,0.000,0.000,0.000,0.000,0.000,0.000,0.000,0.000,0.000,0.000,0.000,,,,,,,,,,,,,,,,,,,,,,,,,,,,,,,,,,,,,,,,,,,,,,,,,,,,,,,,,,,,,,,,,,,,,,,,,,,,,,,,,,
PCXXX(42:10)_[M+Cl]1-,PC,888.5316,0.019,0.000,0.000,0.000,0.008,0.472,0.000,0.186,0.045,0.865,0.000,0.000,0.000,0.000,0.000,0.342,,,,,,,,,,,,,,,,,,,,,,,,,,,,,,,,,,,,,,,,,,,,,,,,,,,,,,,,,,,,,,,,,,,,,,,,,,,,,,,,,,
PCXXX(42:2)_[M+Cl]1-,PC,904.6568,0.000,0.000,0.000,0.000,0.000,0.000,0.640,0.000,0.000,0.000,0.000,0.000,0.000,0.000,0.228,0.000,,,,,,,,,,,,,,,,,,,,,,,,,,,,,,,,,,,,,,,,,,,,,,,,,,,,,,,,,,,,,,,,,,,,,,,,,,,,,,,,,,
PCXXX(42:2)_[M+OAC]1-,PC,928.7012,0.000,0.000,0.000,0.000,0.000,0.000,0.000,0.000,0.000,0.000,0.000,0.000,0.000,0.000,0.000,0.000,,,,,,,,,,,,,,,,,,,,,,,,,,,,,,,,,,,,,,,,,,,,,,,,,,,,,,,,,,,,,,,,,,,,,,,,,,,,,,,,,,
PCXXX(42:4)_[M+Cl]1-,PC,900.6255,0.000,0.227,0.000,0.000,0.000,0.000,0.000,0.000,0.000,0.000,0.049,0.000,0.000,0.000,0.343,0.000,,,,,,,,,,,,,,,,,,,,,,,,,,,,,,,,,,,,,,,,,,,,,,,,,,,,,,,,,,,,,,,,,,,,,,,,,,,,,,,,,,
PCXXX(42:5)_[M+Cl]1-,PC,898.6098,0.000,0.000,0.000,0.000,0.000,0.435,0.000,0.000,0.000,0.000,0.000,0.350,0.000,0.000,0.000,0.326,,,,,,,,,,,,,,,,,,,,,,,,,,,,,,,,,,,,,,,,,,,,,,,,,,,,,,,,,,,,,,,,,,,,,,,,,,,,,,,,,,
PCXXX(42:6)_[M+Cl]1-,PC,896.5942,0.000,0.000,0.000,0.000,0.000,0.000,0.000,0.000,0.000,1.631,0.056,0.000,0.000,0.000,0.160,0.212,,,,,,,,,,,,,,,,,,,,,,,,,,,,,,,,,,,,,,,,,,,,,,,,,,,,,,,,,,,,,,,,,,,,,,,,,,,,,,,,,,
PCXXX(42:6)_[M+OAC]1-,PC,920.6386,0.000,0.000,0.000,0.000,0.000,0.000,0.000,0.000,0.078,0.800,0.000,0.180,0.323,0.000,0.167,0.000,,,,,,,,,,,,,,,,,,,,,,,,,,,,,,,,,,,,,,,,,,,,,,,,,,,,,,,,,,,,,,,,,,,,,,,,,,,,,,,,,,
PCXXX(42:7)_[M+Cl]1-,PC,894.5785,0.000,0.000,0.000,0.000,0.000,0.000,0.000,0.083,0.000,0.000,0.052,0.283,0.000,0.000,0.000,0.000,,,,,,,,,,,,,,,,,,,,,,,,,,,,,,,,,,,,,,,,,,,,,,,,,,,,,,,,,,,,,,,,,,,,,,,,,,,,,,,,,,
PCXXX(43:2)_[M+OAC]1-,PC,942.7169,0.000,0.000,0.000,0.000,0.000,0.000,0.000,0.000,0.000,0.000,0.000,0.000,0.000,0.000,0.000,0.000,,,,,,,,,,,,,,,,,,,,,,,,,,,,,,,,,,,,,,,,,,,,,,,,,,,,,,,,,,,,,,,,,,,,,,,,,,,,,,,,,,
PCXXX(43:4)_[M+OAC]1-,PC,938.6856,0.000,0.000,0.392,0.000,0.000,0.000,0.000,0.000,0.000,0.000,0.000,0.000,0.000,0.000,0.000,0.000,,,,,,,,,,,,,,,,,,,,,,,,,,,,,,,,,,,,,,,,,,,,,,,,,,,,,,,,,,,,,,,,,,,,,,,,,,,,,,,,,,
PCXXX(43:6)_[M+OAC]1-,PC,934.6543,0.000,0.000,0.000,0.000,0.000,0.000,0.000,0.000,0.000,0.000,0.044,0.000,0.000,0.000,0.000,0.000,,,,,,,,,,,,,,,,,,,,,,,,,,,,,,,,,,,,,,,,,,,,,,,,,,,,,,,,,,,,,,,,,,,,,,,,,,,,,,,,,,
PCXXX(44:0)_[M+Cl]1-,PC,936.7194,0.000,0.000,0.000,0.000,0.000,0.000,4.387,0.000,0.000,0.000,0.000,0.000,0.000,0.000,0.000,0.232,,,,,,,,,,,,,,,,,,,,,,,,,,,,,,,,,,,,,,,,,,,,,,,,,,,,,,,,,,,,,,,,,,,,,,,,,,,,,,,,,,
PCXXX(44:1)_[M+Cl]1-,PC,934.7037,0.000,0.251,0.000,0.000,0.000,0.000,0.000,0.000,0.000,0.000,0.000,0.000,0.000,0.812,0.000,0.000,,,,,,,,,,,,,,,,,,,,,,,,,,,,,,,,,,,,,,,,,,,,,,,,,,,,,,,,,,,,,,,,,,,,,,,,,,,,,,,,,,
PCXXX(44:4)_[M+OAC]1-,PC,952.7012,0.206,0.000,0.000,0.000,0.000,0.629,0.566,0.000,0.137,0.000,0.000,0.000,0.000,0.000,0.194,0.000,,,,,,,,,,,,,,,,,,,,,,,,,,,,,,,,,,,,,,,,,,,,,,,,,,,,,,,,,,,,,,,,,,,,,,,,,,,,,,,,,,
PCXXX(44:7)_[M+Cl]1-,PC,922.6098,0.000,0.000,0.000,0.387,0.000,0.454,0.000,0.000,0.000,0.000,0.038,0.000,0.000,0.000,0.161,0.000,,,,,,,,,,,,,,,,,,,,,,,,,,,,,,,,,,,,,,,,,,,,,,,,,,,,,,,,,,,,,,,,,,,,,,,,,,,,,,,,,,
PCXXX(44:8)_[M+Cl]1-,PC,920.5942,0.000,0.000,0.102,0.037,0.000,0.000,0.191,0.000,0.358,0.000,0.002,0.000,0.341,0.031,0.000,0.000,,,,,,,,,,,,,,,,,,,,,,,,,,,,,,,,,,,,,,,,,,,,,,,,,,,,,,,,,,,,,,,,,,,,,,,,,,,,,,,,,,
PCXXX(48:1)_[M+OAC]1-,PC,1012.7951,0.189,0.000,0.000,0.494,0.000,0.000,0.824,0.000,0.660,0.000,0.593,0.000,0.000,0.000,1.970,0.000,,,,,,,,,,,,,,,,,,,,,,,,,,,,,,,,,,,,,,,,,,,,,,,,,,,,,,,,,,,,,,,,,,,,,,,,,,,,,,,,,,
PCXXX(50:0)_[M+OAC]1-,PC,1044.8577,0.000,0.000,0.000,0.000,0.000,0.000,0.000,0.000,0.000,0.000,0.000,0.417,0.000,0.000,0.137,0.000,,,,,,,,,,,,,,,,,,,,,,,,,,,,,,,,,,,,,,,,,,,,,,,,,,,,,,,,,,,,,,,,,,,,,,,,,,,,,,,,,,
PCXXX(52:4)_[M+OAC]1-,PC,1064.8264,0.000,0.000,0.258,0.649,0.000,0.000,0.000,0.000,0.514,0.000,0.069,0.000,0.000,0.000,0.522,0.168,,,,,,,,,,,,,,,,,,,,,,,,,,,,,,,,,,,,,,,,,,,,,,,,,,,,,,,,,,,,,,,,,,,,,,,,,,,,,,,,,,
PC-OX(29:0)_[M+OAC]1-,PC-O,736.5498,0.000,0.000,0.000,0.461,0.000,0.000,0.000,0.207,0.524,0.000,0.000,0.315,0.000,0.000,0.000,0.000,,,,,,,,,,,,,,,,,,,,,,,,,,,,,,,,,,,,,,,,,,,,,,,,,,,,,,,,,,,,,,,,,,,,,,,,,,,,,,,,,,
PC-OX(31:1)_[M+OAC]1-,PC-O,762.5654,0.303,0.000,0.000,0.000,0.079,0.000,0.000,0.000,0.000,0.000,0.239,0.000,0.000,0.000,0.000,0.000,,,,,,,,,,,,,,,,,,,,,,,,,,,,,,,,,,,,,,,,,,,,,,,,,,,,,,,,,,,,,,,,,,,,,,,,,,,,,,,,,,
PC-OX(33:1)_[M+OAC]1-,PC-O,790.5967,0.000,0.000,0.262,0.000,0.000,0.000,0.000,0.089,0.000,0.000,0.000,0.000,0.000,0.000,0.000,0.295,,,,,,,,,,,,,,,,,,,,,,,,,,,,,,,,,,,,,,,,,,,,,,,,,,,,,,,,,,,,,,,,,,,,,,,,,,,,,,,,,,
PC-OX(33:2)_[M+OAC]1-,PC-O,788.5811,0.000,0.000,0.000,0.311,0.000,0.000,0.000,0.000,0.000,4.242,0.000,0.000,0.000,0.000,0.000,0.000,,,,,,,,,,,,,,,,,,,,,,,,,,,,,,,,,,,,,,,,,,,,,,,,,,,,,,,,,,,,,,,,,,,,,,,,,,,,,,,,,,
PC-OX(33:3)_[M+OAC]1-,PC-O,786.5654,0.296,0.000,0.000,0.631,0.141,0.000,0.000,0.127,0.000,2.364,1.013,0.000,0.000,0.000,0.000,0.000,,,,,,,,,,,,,,,,,,,,,,,,,,,,,,,,,,,,,,,,,,,,,,,,,,,,,,,,,,,,,,,,,,,,,,,,,,,,,,,,,,
PC-OX(34:0)_[M+OAC]1-,PC-O,806.628,0.000,0.000,0.000,0.000,0.000,0.610,0.000,0.000,0.000,0.000,3.067,0.000,0.000,0.000,0.000,0.000,,,,,,,,,,,,,,,,,,,,,,,,,,,,,,,,,,,,,,,,,,,,,,,,,,,,,,,,,,,,,,,,,,,,,,,,,,,,,,,,,,
PC-OX(34:3)_[M+OAC]1-,PC-O,800.5811,0.311,0.000,0.000,0.000,0.000,0.000,0.000,0.000,0.470,0.000,0.000,0.000,0.699,0.000,0.000,0.000,,,,,,,,,,,,,,,,,,,,,,,,,,,,,,,,,,,,,,,,,,,,,,,,,,,,,,,,,,,,,,,,,,,,,,,,,,,,,,,,,,
PC-OX(34:4)_[M+OAC]1-,PC-O,798.5654,0.153,0.000,0.000,0.272,0.000,0.304,0.515,0.200,0.000,1.477,0.113,0.000,0.355,0.000,0.000,0.000,,,,,,,,,,,,,,,,,,,,,,,,,,,,,,,,,,,,,,,,,,,,,,,,,,,,,,,,,,,,,,,,,,,,,,,,,,,,,,,,,,
PC-OX(34:5)_[M+OAC]1-,PC-O,796.5498,23.557,25.783,45.143,32.964,3.600,42.981,15.675,8.372,14.389,90.885,4.180,26.518,25.709,6.417,10.561,19.163,,,,,,,,,,,,,,,,,,,,,,,,,,,,,,,,,,,,,,,,,,,,,,,,,,,,,,,,,,,,,,,,,,,,,,,,,,,,,,,,,,
PC-OX(35:2)_[M+OAC]1-,PC-O,816.6124,0.000,0.000,0.000,0.000,0.000,0.000,0.000,0.000,0.000,0.000,0.000,0.000,0.000,0.000,0.000,0.000,,,,,,,,,,,,,,,,,,,,,,,,,,,,,,,,,,,,,,,,,,,,,,,,,,,,,,,,,,,,,,,,,,,,,,,,,,,,,,,,,,
PC-OX(35:4)_[M+OAC]1-,PC-O,812.5811,0.000,0.156,0.000,0.534,0.143,0.407,0.000,0.000,0.224,0.869,0.045,0.000,0.000,0.000,0.000,0.000,,,,,,,,,,,,,,,,,,,,,,,,,,,,,,,,,,,,,,,,,,,,,,,,,,,,,,,,,,,,,,,,,,,,,,,,,,,,,,,,,,
PC-OX(36:1)_[M+OAC]1-,PC-O,832.6437,0.000,0.242,0.000,0.000,0.000,0.000,0.000,0.000,0.000,0.000,0.115,0.000,0.000,0.000,0.176,0.000,,,,,,,,,,,,,,,,,,,,,,,,,,,,,,,,,,,,,,,,,,,,,,,,,,,,,,,,,,,,,,,,,,,,,,,,,,,,,,,,,,
PC-OX(36:2)_[M+Cl]1-,PC-O,806.5836,0.577,0.000,0.000,1.091,0.000,0.926,0.648,4.001,0.000,0.000,0.630,0.000,0.000,0.000,0.614,0.759,,,,,,,,,,,,,,,,,,,,,,,,,,,,,,,,,,,,,,,,,,,,,,,,,,,,,,,,,,,,,,,,,,,,,,,,,,,,,,,,,,
PC-OX(36:2)_[M+OAC]1-,PC-O,830.628,0.000,0.000,0.000,0.000,0.000,0.000,0.000,0.000,0.000,0.000,0.000,0.118,0.000,0.000,0.000,0.000,,,,,,,,,,,,,,,,,,,,,,,,,,,,,,,,,,,,,,,,,,,,,,,,,,,,,,,,,,,,,,,,,,,,,,,,,,,,,,,,,,
PC-OX(36:4)_[M+OAC]1-,PC-O,826.5967,0.112,0.000,0.000,0.000,0.000,0.000,0.000,0.000,0.000,0.000,0.000,0.000,0.000,0.000,0.000,0.000,,,,,,,,,,,,,,,,,,,,,,,,,,,,,,,,,,,,,,,,,,,,,,,,,,,,,,,,,,,,,,,,,,,,,,,,,,,,,,,,,,
PC-OX(36:5)_[M+OAC]1-,PC-O,824.5811,0.871,1.139,0.290,0.392,0.000,0.487,0.000,0.558,0.729,0.000,0.060,0.251,0.000,0.000,0.397,0.000,,,,,,,,,,,,,,,,,,,,,,,,,,,,,,,,,,,,,,,,,,,,,,,,,,,,,,,,,,,,,,,,,,,,,,,,,,,,,,,,,,
PC-OX(37:1)_[M+OAC]1-,PC-O,846.6593,0.000,0.000,0.011,0.000,0.000,0.101,0.721,0.844,0.000,0.000,0.112,0.312,0.000,0.000,0.000,0.000,,,,,,,,,,,,,,,,,,,,,,,,,,,,,,,,,,,,,,,,,,,,,,,,,,,,,,,,,,,,,,,,,,,,,,,,,,,,,,,,,,
PC-OX(37:2)_[M+Cl]1-,PC-O,820.5992,0.000,0.000,0.000,0.000,0.000,0.508,0.000,0.000,0.000,0.000,0.045,0.000,0.000,0.000,0.152,0.000,,,,,,,,,,,,,,,,,,,,,,,,,,,,,,,,,,,,,,,,,,,,,,,,,,,,,,,,,,,,,,,,,,,,,,,,,,,,,,,,,,
PC-OX(37:4)_[M+OAC]1-,PC-O,840.6124,0.000,0.000,0.000,0.000,0.000,0.000,0.000,0.000,0.000,0.000,0.000,0.000,0.000,0.000,0.000,0.000,,,,,,,,,,,,,,,,,,,,,,,,,,,,,,,,,,,,,,,,,,,,,,,,,,,,,,,,,,,,,,,,,,,,,,,,,,,,,,,,,,
PC-OX(38:1)_[M+OAC]1-,PC-O,860.675,0.000,0.029,0.000,0.000,0.081,0.000,0.000,0.000,0.000,0.000,0.024,0.000,0.000,0.000,0.000,0.372,,,,,,,,,,,,,,,,,,,,,,,,,,,,,,,,,,,,,,,,,,,,,,,,,,,,,,,,,,,,,,,,,,,,,,,,,,,,,,,,,,
PC-OX(38:5)_[M+OAC]1-,PC-O,852.6124,0.000,0.000,0.000,0.000,0.000,0.000,0.000,0.000,0.000,1.491,0.000,0.000,0.000,0.833,0.000,0.000,,,,,,,,,,,,,,,,,,,,,,,,,,,,,,,,,,,,,,,,,,,,,,,,,,,,,,,,,,,,,,,,,,,,,,,,,,,,,,,,,,
PC-OX(39:0)_[M+Cl]1-,PC-O,852.6618,0.000,0.000,0.000,0.000,0.000,0.000,0.000,0.000,0.000,0.000,0.000,0.000,0.000,0.000,0.000,0.000,,,,,,,,,,,,,,,,,,,,,,,,,,,,,,,,,,,,,,,,,,,,,,,,,,,,,,,,,,,,,,,,,,,,,,,,,,,,,,,,,,
PC-OX(39:1)_[M+OAC]1-,PC-O,874.6906,0.000,0.000,0.000,0.000,0.000,0.000,0.000,0.136,0.000,0.000,0.098,0.246,0.000,0.000,0.000,0.000,,,,,,,,,,,,,,,,,,,,,,,,,,,,,,,,,,,,,,,,,,,,,,,,,,,,,,,,,,,,,,,,,,,,,,,,,,,,,,,,,,
PC-OX(40:3)_[M+Cl]1-,PC-O,860.6305,0.000,0.245,0.000,0.000,0.000,0.000,0.000,8.892,0.000,0.000,0.181,0.000,0.000,0.000,0.000,0.000,,,,,,,,,,,,,,,,,,,,,,,,,,,,,,,,,,,,,,,,,,,,,,,,,,,,,,,,,,,,,,,,,,,,,,,,,,,,,,,,,,
PC-OX(40:4)_[M+Cl]1-,PC-O,858.6149,0.000,0.280,0.000,0.000,0.000,0.000,0.000,0.000,0.271,0.000,0.113,0.204,0.000,0.000,0.000,0.000,,,,,,,,,,,,,,,,,,,,,,,,,,,,,,,,,,,,,,,,,,,,,,,,,,,,,,,,,,,,,,,,,,,,,,,,,,,,,,,,,,
PC-OX(40:5)_[M+Cl]1-,PC-O,856.5992,0.374,0.000,0.295,0.517,0.419,0.000,0.544,0.156,0.556,0.000,0.191,1.149,0.425,0.961,0.000,0.492,,,,,,,,,,,,,,,,,,,,,,,,,,,,,,,,,,,,,,,,,,,,,,,,,,,,,,,,,,,,,,,,,,,,,,,,,,,,,,,,,,
PC-OX(40:5)_[M+OAC]1-,PC-O,880.6437,0.000,0.000,0.308,0.562,0.000,0.000,0.000,0.000,0.000,0.000,0.000,0.000,0.000,0.000,0.000,0.000,,,,,,,,,,,,,,,,,,,,,,,,,,,,,,,,,,,,,,,,,,,,,,,,,,,,,,,,,,,,,,,,,,,,,,,,,,,,,,,,,,
PC-OX(40:7)_[M+OAC]1-,PC-O,876.6124,0.000,0.000,0.121,0.000,0.000,0.000,0.000,0.000,0.000,1.781,0.000,0.000,0.000,0.567,0.000,0.000,,,,,,,,,,,,,,,,,,,,,,,,,,,,,,,,,,,,,,,,,,,,,,,,,,,,,,,,,,,,,,,,,,,,,,,,,,,,,,,,,,
PC-OX(42:0)_[M+OAC]1-,PC-O,918.7532,0.000,0.861,0.000,0.000,0.000,0.000,0.000,0.000,0.000,0.000,0.000,0.000,0.000,0.000,0.000,0.000,,,,,,,,,,,,,,,,,,,,,,,,,,,,,,,,,,,,,,,,,,,,,,,,,,,,,,,,,,,,,,,,,,,,,,,,,,,,,,,,,,
PC-OX(42:4)_[M+Cl]1-,PC-O,886.6462,0.000,0.000,0.000,0.000,0.000,0.000,0.000,0.000,0.000,0.000,0.000,0.000,0.000,0.000,0.000,0.000,,,,,,,,,,,,,,,,,,,,,,,,,,,,,,,,,,,,,,,,,,,,,,,,,,,,,,,,,,,,,,,,,,,,,,,,,,,,,,,,,,
PC-OX(42:5)_[M+Cl]1-,PC-O,884.6305,0.000,0.000,0.000,0.000,0.000,0.000,0.000,0.000,0.000,0.000,0.000,0.000,0.385,0.635,0.000,0.000,,,,,,,,,,,,,,,,,,,,,,,,,,,,,,,,,,,,,,,,,,,,,,,,,,,,,,,,,,,,,,,,,,,,,,,,,,,,,,,,,,
PC-OX(42:5)_[M+OAC]1-,PC-O,908.675,0.000,0.000,0.000,0.000,0.000,0.000,0.000,0.000,0.000,0.000,0.000,0.000,0.000,0.000,0.000,0.000,,,,,,,,,,,,,,,,,,,,,,,,,,,,,,,,,,,,,,,,,,,,,,,,,,,,,,,,,,,,,,,,,,,,,,,,,,,,,,,,,,
PC-OX(42:6)_[M+Cl]1-,PC-O,882.6149,0.189,0.000,0.000,0.000,0.000,0.000,0.000,0.129,0.000,0.000,0.000,0.000,0.000,0.000,0.000,0.000,,,,,,,,,,,,,,,,,,,,,,,,,,,,,,,,,,,,,,,,,,,,,,,,,,,,,,,,,,,,,,,,,,,,,,,,,,,,,,,,,,
PC-OX(44:5)_[M+OAC]1-,PC-O,936.7063,0.000,0.000,0.000,0.000,0.000,0.000,0.000,0.000,0.000,0.000,0.000,0.000,0.000,0.000,0.000,0.325,,,,,,,,,,,,,,,,,,,,,,,,,,,,,,,,,,,,,,,,,,,,,,,,,,,,,,,,,,,,,,,,,,,,,,,,,,,,,,,,,,
PEXXX(29:0)_[M-H]1-,PE,648.461,0.000,0.254,0.000,0.000,26.618,0.480,0.531,12.924,0.000,0.000,0.374,0.194,0.000,0.000,0.417,0.000,,,,,,,,,,,,,,,,,,,,,,,,,,,,,,,,,,,,,,,,,,,,,,,,,,,,,,,,,,,,,,,,,,,,,,,,,,,,,,,,,,
PEXXX(31:0)_[M-H]1-,PE,676.4923,1.570,0.239,0.356,0.000,20.679,0.000,0.000,10.658,15.516,1.167,0.131,0.941,9.399,0.894,0.191,0.000,,,,,,,,,,,,,,,,,,,,,,,,,,,,,,,,,,,,,,,,,,,,,,,,,,,,,,,,,,,,,,,,,,,,,,,,,,,,,,,,,,
PEXXX(32:1)_[M-H]1-,PE,688.4923,0.000,0.767,0.000,0.000,0.000,0.000,0.000,0.000,0.000,0.000,0.000,0.302,0.375,0.000,0.564,0.000,,,,,,,,,,,,,,,,,,,,,,,,,,,,,,,,,,,,,,,,,,,,,,,,,,,,,,,,,,,,,,,,,,,,,,,,,,,,,,,,,,
PEXXX(33:0)_[M-H]1-,PE,704.5236,10.063,0.499,0.671,6.125,1.280,1.579,1.879,0.838,43.787,1.157,0.000,5.336,38.569,16.698,1.501,2.065,,,,,,,,,,,,,,,,,,,,,,,,,,,,,,,,,,,,,,,,,,,,,,,,,,,,,,,,,,,,,,,,,,,,,,,,,,,,,,,,,,
PEXXX(33:4)_[M-H]1-,PE,696.461,0.369,0.000,2.000,23.734,0.143,0.000,1.461,0.000,0.777,9.319,0.491,0.000,1.838,0.000,13.319,0.248,,,,,,,,,,,,,,,,,,,,,,,,,,,,,,,,,,,,,,,,,,,,,,,,,,,,,,,,,,,,,,,,,,,,,,,,,,,,,,,,,,
PEXXX(34:0)_[M-H]1-,PE,718.5392,0.893,1.287,0.305,0.000,0.259,1.019,0.000,11.821,0.431,0.000,1.359,0.378,0.000,0.000,0.294,0.576,,,,,,,,,,,,,,,,,,,,,,,,,,,,,,,,,,,,,,,,,,,,,,,,,,,,,,,,,,,,,,,,,,,,,,,,,,,,,,,,,,
PEXXX(34:2)_[M-H]1-,PE,714.5079,41.872,35.301,35.967,46.250,5.530,25.161,67.429,0.000,25.716,0.610,0.000,34.326,17.168,23.234,45.105,35.849,,,,,,,,,,,,,,,,,,,,,,,,,,,,,,,,,,,,,,,,,,,,,,,,,,,,,,,,,,,,,,,,,,,,,,,,,,,,,,,,,,
PEXXX(36:1)_[M-H]1-,PE,744.5487,26.439,21.724,24.353,8.639,9.288,19.148,9.973,38.020,9.515,0.000,12.205,16.357,3.260,3.048,15.108,26.249,,,,,,,,,,,,,,,,,,,,,,,,,,,,,,,,,,,,,,,,,,,,,,,,,,,,,,,,,,,,,,,,,,,,,,,,,,,,,,,,,,
PEXXX(36:2)_[M-H]1-,PE,742.5392,89.554,88.717,87.225,150.327,24.661,69.384,140.317,19.821,63.213,117.688,11.591,66.039,62.091,86.393,78.721,74.410,,,,,,,,,,,,,,,,,,,,,,,,,,,,,,,,,,,,,,,,,,,,,,,,,,,,,,,,,,,,,,,,,,,,,,,,,,,,,,,,,,
PEXXX(36:4)_[M-H]1-,PE,738.5079,24.541,17.983,12.629,35.128,4.010,11.880,25.558,3.669,15.180,33.268,0.934,39.792,14.578,13.942,37.351,32.192,,,,,,,,,,,,,,,,,,,,,,,,,,,,,,,,,,,,,,,,,,,,,,,,,,,,,,,,,,,,,,,,,,,,,,,,,,,,,,,,,,
PEXXX(36:7)_[M-H]1-,PE,732.461,0.000,0.000,0.000,0.000,0.000,0.000,0.000,0.000,0.000,0.000,0.000,0.000,0.000,0.000,0.000,0.000,,,,,,,,,,,,,,,,,,,,,,,,,,,,,,,,,,,,,,,,,,,,,,,,,,,,,,,,,,,,,,,,,,,,,,,,,,,,,,,,,,
PEXXX(38:4)_[M-H]1-,PE,766.5392,117.246,122.028,102.533,140.193,28.589,69.490,140.340,46.058,73.525,97.814,13.920,97.291,74.118,107.287,107.705,95.067,,,,,,,,,,,,,,,,,,,,,,,,,,,,,,,,,,,,,,,,,,,,,,,,,,,,,,,,,,,,,,,,,,,,,,,,,,,,,,,,,,
PEXXX(38:5)_[M-H]1-,PE,764.5236,33.800,28.013,19.144,55.966,9.563,17.060,72.919,7.810,17.871,45.757,2.508,44.162,18.820,16.326,37.152,24.149,,,,,,,,,,,,,,,,,,,,,,,,,,,,,,,,,,,,,,,,,,,,,,,,,,,,,,,,,,,,,,,,,,,,,,,,,,,,,,,,,,
PEXXX(39:2)_[M-H]1-,PE,784.5862,0.000,0.000,0.000,0.000,0.000,0.958,0.654,0.124,0.129,0.000,0.000,0.000,0.000,0.000,0.000,0.000,,,,,,,,,,,,,,,,,,,,,,,,,,,,,,,,,,,,,,,,,,,,,,,,,,,,,,,,,,,,,,,,,,,,,,,,,,,,,,,,,,
PEXXX(40:2)_[M-H]1-,PE,798.6018,0.102,0.000,0.000,0.000,0.000,0.000,0.397,0.000,0.510,0.000,0.000,0.000,0.000,0.000,0.000,0.000,,,,,,,,,,,,,,,,,,,,,,,,,,,,,,,,,,,,,,,,,,,,,,,,,,,,,,,,,,,,,,,,,,,,,,,,,,,,,,,,,,
PEXXX(40:4)_[M-H]1-,PE,794.5705,4.051,3.700,2.786,0.000,1.495,2.828,0.884,10.039,0.508,0.000,2.675,4.739,0.028,1.201,3.523,1.899,,,,,,,,,,,,,,,,,,,,,,,,,,,,,,,,,,,,,,,,,,,,,,,,,,,,,,,,,,,,,,,,,,,,,,,,,,,,,,,,,,
PEXXX(40:6)_[M-H]1-,PE,790.5392,14.718,8.101,7.284,0.651,11.045,9.522,18.608,81.469,5.522,0.000,21.568,17.091,4.752,8.886,16.899,16.750,,,,,,,,,,,,,,,,,,,,,,,,,,,,,,,,,,,,,,,,,,,,,,,,,,,,,,,,,,,,,,,,,,,,,,,,,,,,,,,,,,
PEXXX(40:9)_[M-H]1-,PE,784.4923,0.398,0.494,0.233,2.868,0.492,0.367,0.271,0.167,0.178,0.619,0.125,0.230,0.000,0.817,0.857,0.182,,,,,,,,,,,,,,,,,,,,,,,,,,,,,,,,,,,,,,,,,,,,,,,,,,,,,,,,,,,,,,,,,,,,,,,,,,,,,,,,,,
PEXXX(43:2)_[M-H]1-,PE,840.6488,0.000,0.000,0.000,0.000,0.154,0.000,0.568,0.000,0.264,0.000,0.000,0.000,0.000,0.603,0.598,0.000,,,,,,,,,,,,,,,,,,,,,,,,,,,,,,,,,,,,,,,,,,,,,,,,,,,,,,,,,,,,,,,,,,,,,,,,,,,,,,,,,,
PEXXX(44:4)_[M-H]1-,PE,850.6331,0.000,0.000,0.000,0.000,0.000,0.000,0.000,0.557,0.000,0.000,0.041,0.000,0.000,0.000,0.000,0.000,,,,,,,,,,,,,,,,,,,,,,,,,,,,,,,,,,,,,,,,,,,,,,,,,,,,,,,,,,,,,,,,,,,,,,,,,,,,,,,,,,
PE-OX(34:3)_[M-H]1-,PE-O,698.513,0.392,0.000,0.000,0.000,0.000,0.000,0.000,0.000,0.000,1.355,0.000,0.000,0.000,2.532,0.255,0.288,,,,,,,,,,,,,,,,,,,,,,,,,,,,,,,,,,,,,,,,,,,,,,,,,,,,,,,,,,,,,,,,,,,,,,,,,,,,,,,,,,
PE-OX(36:4)_[M-H]1-,PE-O,724.5287,0.000,0.000,0.000,0.000,0.125,0.000,3.197,0.013,0.546,0.755,0.049,0.304,0.417,0.000,0.559,0.232,,,,,,,,,,,,,,,,,,,,,,,,,,,,,,,,,,,,,,,,,,,,,,,,,,,,,,,,,,,,,,,,,,,,,,,,,,,,,,,,,,
PE-OX(38:2)_[M-H]1-,PE-O,756.5913,0.000,0.000,0.000,0.000,0.000,0.000,0.033,2.880,0.000,72.107,0.287,0.017,0.000,1.519,0.000,0.000,,,,,,,,,,,,,,,,,,,,,,,,,,,,,,,,,,,,,,,,,,,,,,,,,,,,,,,,,,,,,,,,,,,,,,,,,,,,,,,,,,
PE-OX(38:4)_[M-H]1-,PE-O,752.56,0.007,0.000,0.000,0.000,0.000,0.000,1.266,0.476,0.000,0.000,0.331,0.000,0.000,0.503,0.000,0.220,,,,,,,,,,,,,,,,,,,,,,,,,,,,,,,,,,,,,,,,,,,,,,,,,,,,,,,,,,,,,,,,,,,,,,,,,,,,,,,,,,
PE-OX(38:5)_[M-H]1-,PE-O,750.5443,6.944,12.353,2.082,1.631,0.000,1.205,3.854,14.308,1.759,0.000,4.971,3.248,0.388,0.000,10.208,1.691,,,,,,,,,,,,,,,,,,,,,,,,,,,,,,,,,,,,,,,,,,,,,,,,,,,,,,,,,,,,,,,,,,,,,,,,,,,,,,,,,,
PE-OX(40:3)_[M-H]1-,PE-O,782.6069,1.369,0.379,0.449,0.000,0.142,0.000,0.459,0.000,0.543,0.000,0.000,0.831,0.000,0.486,0.000,0.808,,,,,,,,,,,,,,,,,,,,,,,,,,,,,,,,,,,,,,,,,,,,,,,,,,,,,,,,,,,,,,,,,,,,,,,,,,,,,,,,,,
PE-OX(40:7)_[M-H]1-,PE-O,774.5443,0.187,0.220,0.276,0.000,0.000,0.000,0.504,28.770,0.000,0.000,7.095,0.830,0.000,0.000,1.270,0.854,,,,,,,,,,,,,,,,,,,,,,,,,,,,,,,,,,,,,,,,,,,,,,,,,,,,,,,,,,,,,,,,,,,,,,,,,,,,,,,,,,
PGXXX(36:1)_[M-H]1-,PG,775.548913,0.452,1.178,0.224,1.551,0.753,2.169,0.378,13.946,0.673,0.000,9.425,0.465,0.000,0.934,1.387,1.639,,,,,,,,,,,,,,,,,,,,,,,,,,,,,,,,,,,,,,,,,,,,,,,,,,,,,,,,,,,,,,,,,,,,,,,,,,,,,,,,,,
PGXXX(39:2)_[M-H]1-,PG,815.580213,0.000,0.000,0.000,0.583,0.000,0.000,0.698,0.000,0.000,1.202,0.005,0.033,0.022,0.000,0.182,0.000,,,,,,,,,,,,,,,,,,,,,,,,,,,,,,,,,,,,,,,,,,,,,,,,,,,,,,,,,,,,,,,,,,,,,,,,,,,,,,,,,,
PGXXX(43:4)_[M-H]1-,PG,867.611513,0.000,0.000,0.000,0.000,0.000,0.000,0.387,0.000,0.000,0.000,0.000,0.000,0.000,0.000,0.000,0.000,,,,,,,,,,,,,,,,,,,,,,,,,,,,,,,,,,,,,,,,,,,,,,,,,,,,,,,,,,,,,,,,,,,,,,,,,,,,,,,,,,
PGXXX(43:5)_[M-H]1-,PG,865.595863,0.313,0.242,0.283,0.000,0.136,0.000,0.000,0.149,0.239,1.444,0.001,0.000,0.000,1.356,0.000,0.000,,,,,,,,,,,,,,,,,,,,,,,,,,,,,,,,,,,,,,,,,,,,,,,,,,,,,,,,,,,,,,,,,,,,,,,,,,,,,,,,,,
PGXXX(44:9)_[M-H]1-,PG,871.548913,0.000,0.000,0.288,0.000,0.163,0.000,0.834,0.201,0.330,0.000,0.119,0.000,0.000,0.000,0.000,0.000,,,,,,,,,,,,,,,,,,,,,,,,,,,,,,,,,,,,,,,,,,,,,,,,,,,,,,,,,,,,,,,,,,,,,,,,,,,,,,,,,,
PGXXX(46:7)_[M-H]1-,PG,903.611513,0.000,0.000,0.000,0.000,0.000,0.000,0.000,0.000,0.313,1.234,0.000,0.000,0.323,0.000,0.270,0.000,,,,,,,,,,,,,,,,,,,,,,,,,,,,,,,,,,,,,,,,,,,,,,,,,,,,,,,,,,,,,,,,,,,,,,,,,,,,,,,,,,
PGXXX(48:7)_[M-H]1-,PG,931.642813,0.016,0.179,0.000,0.000,0.000,0.011,0.000,0.111,0.000,0.000,0.045,0.000,0.000,1.000,0.000,0.000,,,,,,,,,,,,,,,,,,,,,,,,,,,,,,,,,,,,,,,,,,,,,,,,,,,,,,,,,,,,,,,,,,,,,,,,,,,,,,,,,,
PGXXX(50:9)_[M-H]1-,PG,955.642813,0.000,0.000,0.000,0.000,0.000,0.000,0.000,0.000,0.000,0.000,0.000,0.000,0.000,1.035,0.000,0.000,,,,,,,,,,,,,,,,,,,,,,,,,,,,,,,,,,,,,,,,,,,,,,,,,,,,,,,,,,,,,,,,,,,,,,,,,,,,,,,,,,
PG-OX(39:0)_[M-H]1-,PG-O,805.6328,0.000,0.000,0.491,0.000,0.000,0.000,0.000,0.000,0.000,1.864,0.000,0.000,0.000,0.000,0.213,0.000,,,,,,,,,,,,,,,,,,,,,,,,,,,,,,,,,,,,,,,,,,,,,,,,,,,,,,,,,,,,,,,,,,,,,,,,,,,,,,,,,,
PG-OX(40:2)_[M-H]1-,PG-O,815.6171,0.000,0.000,0.000,0.000,0.152,0.000,0.000,0.000,0.000,3.101,0.000,0.000,0.000,0.000,0.000,0.000,,,,,,,,,,,,,,,,,,,,,,,,,,,,,,,,,,,,,,,,,,,,,,,,,,,,,,,,,,,,,,,,,,,,,,,,,,,,,,,,,,
PG-OX(42:6)_[M-H]1-,PG-O,835.5858,0.000,0.000,0.000,0.524,0.000,0.000,0.378,0.000,0.000,0.000,0.000,0.000,0.000,0.000,0.291,0.000,,,,,,,,,,,,,,,,,,,,,,,,,,,,,,,,,,,,,,,,,,,,,,,,,,,,,,,,,,,,,,,,,,,,,,,,,,,,,,,,,,
PIXXX(32:1)_[M-H]1-,PI,807.502358,0.261,0.000,0.654,0.558,0.145,1.830,0.000,0.243,0.682,1.159,0.057,0.599,0.339,0.602,0.352,1.951,,,,,,,,,,,,,,,,,,,,,,,,,,,,,,,,,,,,,,,,,,,,,,,,,,,,,,,,,,,,,,,,,,,,,,,,,,,,,,,,,,
PIXXX(34:0)_[M-H]1-,PI,837.549308,0.326,0.726,0.491,0.000,1.420,1.177,0.000,0.675,1.009,0.000,0.170,1.288,0.706,0.902,0.768,0.987,,,,,,,,,,,,,,,,,,,,,,,,,,,,,,,,,,,,,,,,,,,,,,,,,,,,,,,,,,,,,,,,,,,,,,,,,,,,,,,,,,
PIXXX(35:0)_[M-H]1-,PI,851.564958,0.404,0.279,0.000,0.000,0.138,0.442,0.457,0.791,0.386,0.000,0.057,0.326,0.734,0.000,0.161,0.000,,,,,,,,,,,,,,,,,,,,,,,,,,,,,,,,,,,,,,,,,,,,,,,,,,,,,,,,,,,,,,,,,,,,,,,,,,,,,,,,,,
PIXXX(35:2)_[M-H]1-,PI,847.533658,0.117,0.000,0.184,0.000,0.001,0.000,0.000,0.218,0.000,1.108,0.206,0.000,0.000,0.000,0.143,0.000,,,,,,,,,,,,,,,,,,,,,,,,,,,,,,,,,,,,,,,,,,,,,,,,,,,,,,,,,,,,,,,,,,,,,,,,,,,,,,,,,,
PIXXX(36:1)_[M-H]1-,PI,863.564958,0.420,0.360,0.000,0.690,0.056,0.000,0.000,0.623,0.000,0.000,1.314,0.535,0.542,0.000,0.000,0.000,,,,,,,,,,,,,,,,,,,,,,,,,,,,,,,,,,,,,,,,,,,,,,,,,,,,,,,,,,,,,,,,,,,,,,,,,,,,,,,,,,
PIXXX(37:0)_[M-H]1-,PI,879.596258,0.182,0.000,0.378,0.000,0.156,0.000,0.000,1.791,0.000,0.000,0.000,0.470,0.000,0.000,0.000,0.311,,,,,,,,,,,,,,,,,,,,,,,,,,,,,,,,,,,,,,,,,,,,,,,,,,,,,,,,,,,,,,,,,,,,,,,,,,,,,,,,,,
PIXXX(37:4)_[M-H]1-,PI,871.533658,0.519,0.000,0.288,0.000,0.113,0.544,0.860,0.199,0.000,0.000,0.050,0.000,0.292,0.000,0.134,0.043,,,,,,,,,,,,,,,,,,,,,,,,,,,,,,,,,,,,,,,,,,,,,,,,,,,,,,,,,,,,,,,,,,,,,,,,,,,,,,,,,,
PIXXX(37:6)_[M-H]1-,PI,867.502358,0.000,0.000,0.000,0.625,0.000,0.000,0.000,0.000,0.228,0.726,0.000,0.000,0.000,0.000,0.186,0.000,,,,,,,,,,,,,,,,,,,,,,,,,,,,,,,,,,,,,,,,,,,,,,,,,,,,,,,,,,,,,,,,,,,,,,,,,,,,,,,,,,
PIXXX(38:5)_[M-H]1-,PI,883.533658,7.305,18.417,22.424,12.889,4.938,4.476,7.893,3.644,9.397,0.000,1.621,9.786,20.447,7.223,35.093,19.948,,,,,,,,,,,,,,,,,,,,,,,,,,,,,,,,,,,,,,,,,,,,,,,,,,,,,,,,,,,,,,,,,,,,,,,,,,,,,,,,,,
PIXXX(39:0)_[M-H]1-,PI,907.627558,0.157,0.000,0.000,0.000,0.000,0.000,0.000,1.744,0.000,0.000,0.173,0.000,0.000,0.000,0.201,0.000,,,,,,,,,,,,,,,,,,,,,,,,,,,,,,,,,,,,,,,,,,,,,,,,,,,,,,,,,,,,,,,,,,,,,,,,,,,,,,,,,,
PIXXX(39:2)_[M-H]1-,PI,903.596258,0.000,0.000,0.000,0.000,0.000,0.718,0.579,0.000,0.321,0.000,0.000,0.000,0.000,0.000,0.171,0.000,,,,,,,,,,,,,,,,,,,,,,,,,,,,,,,,,,,,,,,,,,,,,,,,,,,,,,,,,,,,,,,,,,,,,,,,,,,,,,,,,,
PIXXX(40:0)_[M-H]1-,PI,921.643208,0.000,0.000,0.000,0.000,0.000,0.000,0.000,0.000,0.000,0.000,0.000,0.000,0.000,0.715,0.000,0.316,,,,,,,,,,,,,,,,,,,,,,,,,,,,,,,,,,,,,,,,,,,,,,,,,,,,,,,,,,,,,,,,,,,,,,,,,,,,,,,,,,
PIXXX(43:4)_[M-H]1-,PI,955.627558,0.000,0.000,0.000,0.000,0.111,0.000,0.271,0.000,0.000,0.000,0.000,0.000,0.000,1.051,0.000,0.000,,,,,,,,,,,,,,,,,,,,,,,,,,,,,,,,,,,,,,,,,,,,,,,,,,,,,,,,,,,,,,,,,,,,,,,,,,,,,,,,,,
PIXXX(44:5)_[M-H]1-,PI,967.627558,0.000,0.000,0.000,0.000,0.023,0.727,0.000,0.142,0.245,1.227,0.000,0.000,0.000,0.000,0.000,0.008,,,,,,,,,,,,,,,,,,,,,,,,,,,,,,,,,,,,,,,,,,,,,,,,,,,,,,,,,,,,,,,,,,,,,,,,,,,,,,,,,,
PIXXX(46:3)_[M-H]1-,PI,999.690158,0.000,0.000,0.000,1.304,0.000,0.000,0.000,0.000,0.000,0.000,0.000,0.272,0.000,0.000,2.007,0.506,,,,,,,,,,,,,,,,,,,,,,,,,,,,,,,,,,,,,,,,,,,,,,,,,,,,,,,,,,,,,,,,,,,,,,,,,,,,,,,,,,
PI-OX(38:6)_[M-H]1-,PI-O,867.5393,0.000,0.254,0.319,0.444,0.000,0.553,0.000,0.192,1.239,19.031,0.049,0.743,0.377,0.000,0.000,0.226,,,,,,,,,,,,,,,,,,,,,,,,,,,,,,,,,,,,,,,,,,,,,,,,,,,,,,,,,,,,,,,,,,,,,,,,,,,,,,,,,,
PI-OX(40:2)_[M-H]1-,PI-O,903.6332,0.000,0.000,0.000,0.000,0.000,0.000,0.000,0.101,0.000,1.304,0.000,0.000,0.267,0.000,0.225,0.000,,,,,,,,,,,,,,,,,,,,,,,,,,,,,,,,,,,,,,,,,,,,,,,,,,,,,,,,,,,,,,,,,,,,,,,,,,,,,,,,,,
PI-OX(40:5)_[M-H]1-,PI-O,897.5862,0.000,0.000,0.000,0.000,0.000,0.000,0.000,0.000,0.000,2.041,0.052,0.266,0.000,0.920,0.425,0.000,,,,,,,,,,,,,,,,,,,,,,,,,,,,,,,,,,,,,,,,,,,,,,,,,,,,,,,,,,,,,,,,,,,,,,,,,,,,,,,,,,
PI-OX(41:0)_[M-H]1-,PI-O,921.6801,0.231,0.000,0.000,0.000,0.000,0.000,0.000,0.126,0.000,1.529,0.000,0.221,0.000,0.000,0.640,0.000,,,,,,,,,,,,,,,,,,,,,,,,,,,,,,,,,,,,,,,,,,,,,,,,,,,,,,,,,,,,,,,,,,,,,,,,,,,,,,,,,,
PI-OX(42:2)_[M-H]1-,PI-O,931.6645,0.000,0.268,0.000,0.000,0.000,0.000,0.000,0.000,0.000,0.000,0.036,0.000,0.000,0.614,0.000,0.000,,,,,,,,,,,,,,,,,,,,,,,,,,,,,,,,,,,,,,,,,,,,,,,,,,,,,,,,,,,,,,,,,,,,,,,,,,,,,,,,,,
SMXXX(33:1)_[M+OAC]1-,SM,747.5658,20.741,39.806,43.600,22.796,17.115,48.247,11.780,1.368,35.071,1.057,26.165,38.321,29.538,21.192,33.566,42.832,,,,,,,,,,,,,,,,,,,,,,,,,,,,,,,,,,,,,,,,,,,,,,,,,,,,,,,,,,,,,,,,,,,,,,,,,,,,,,,,,,
SMXXX(34:1)_[M+OAC]1-,SM,761.5814,0.587,0.290,0.000,0.000,0.442,0.595,0.000,0.000,0.336,1.136,3.282,0.479,0.000,0.000,0.588,0.643,,,,,,,,,,,,,,,,,,,,,,,,,,,,,,,,,,,,,,,,,,,,,,,,,,,,,,,,,,,,,,,,,,,,,,,,,,,,,,,,,,
SMXXX(35:1)_[M+OAC]1-,SM,775.5971,3.641,6.976,9.047,2.197,0.513,2.510,0.741,6.396,5.304,0.000,7.217,4.029,6.233,1.520,4.759,6.665,,,,,,,,,,,,,,,,,,,,,,,,,,,,,,,,,,,,,,,,,,,,,,,,,,,,,,,,,,,,,,,,,,,,,,,,,,,,,,,,,,
SMXXX(36:1)_[M+OAC]1-,SM,789.6127,0.000,0.000,0.000,0.560,0.000,0.490,0.937,0.000,0.000,36.059,0.361,0.563,1.008,0.000,0.128,0.000,,,,,,,,,,,,,,,,,,,,,,,,,,,,,,,,,,,,,,,,,,,,,,,,,,,,,,,,,,,,,,,,,,,,,,,,,,,,,,,,,,
SMXXX(37:1)_[M+OAC]1-,SM,803.6284,0.000,0.250,0.000,0.000,0.151,0.643,0.702,0.291,0.680,0.000,0.863,0.365,0.438,0.000,0.000,0.000,,,,,,,,,,,,,,,,,,,,,,,,,,,,,,,,,,,,,,,,,,,,,,,,,,,,,,,,,,,,,,,,,,,,,,,,,,,,,,,,,,
SMXXX(38:1)_[M+OAC]1-,SM,817.644,0.113,0.000,0.000,1.373,0.000,0.000,0.362,0.000,0.000,1.404,0.541,0.000,0.000,0.000,0.543,0.105,,,,,,,,,,,,,,,,,,,,,,,,,,,,,,,,,,,,,,,,,,,,,,,,,,,,,,,,,,,,,,,,,,,,,,,,,,,,,,,,,,
SMXXX(38:2)_[M+OAC]1-,SM,815.6284,0.199,0.000,0.000,0.000,0.160,0.000,0.000,0.000,0.000,8.734,0.000,0.000,0.000,0.000,0.104,0.000,,,,,,,,,,,,,,,,,,,,,,,,,,,,,,,,,,,,,,,,,,,,,,,,,,,,,,,,,,,,,,,,,,,,,,,,,,,,,,,,,,
SMXXX(38:3)_[M+OAC]1-,SM,813.6127,0.000,0.000,0.000,0.000,0.000,0.000,0.000,0.000,0.000,0.000,0.000,0.000,0.000,0.000,0.207,0.000,,,,,,,,,,,,,,,,,,,,,,,,,,,,,,,,,,,,,,,,,,,,,,,,,,,,,,,,,,,,,,,,,,,,,,,,,,,,,,,,,,
SMXXX(39:1)_[M+OAC]1-,SM,831.6597,2.845,4.668,2.899,0.460,0.486,0.591,0.952,0.181,9.577,0.000,3.868,4.533,0.700,0.000,4.658,6.683,,,,,,,,,,,,,,,,,,,,,,,,,,,,,,,,,,,,,,,,,,,,,,,,,,,,,,,,,,,,,,,,,,,,,,,,,,,,,,,,,,
SMXXX(39:2)_[M+OAC]1-,SM,829.644,0.000,0.000,0.000,0.000,0.000,0.000,0.000,0.000,0.000,0.000,0.911,0.000,0.000,0.709,0.428,0.000,,,,,,,,,,,,,,,,,,,,,,,,,,,,,,,,,,,,,,,,,,,,,,,,,,,,,,,,,,,,,,,,,,,,,,,,,,,,,,,,,,
SMXXX(40:2)_[M+OAC]1-,SM,843.6597,0.425,0.000,0.000,0.895,0.162,0.559,0.000,0.000,0.354,0.000,0.211,0.000,0.000,0.000,0.000,0.228,,,,,,,,,,,,,,,,,,,,,,,,,,,,,,,,,,,,,,,,,,,,,,,,,,,,,,,,,,,,,,,,,,,,,,,,,,,,,,,,,,
SMXXX(40:3)_[M+OAC]1-,SM,841.644,0.000,0.000,0.000,0.000,0.000,0.000,0.000,0.000,0.000,1.097,0.000,0.000,0.000,0.000,0.000,0.000,,,,,,,,,,,,,,,,,,,,,,,,,,,,,,,,,,,,,,,,,,,,,,,,,,,,,,,,,,,,,,,,,,,,,,,,,,,,,,,,,,
SMXXX(41:0)_[M+OAC]1-,SM,859.691,0.443,2.067,0.306,1.157,0.160,1.458,0.000,0.000,0.312,0.000,2.340,0.592,0.000,0.000,0.999,2.627,,,,,,,,,,,,,,,,,,,,,,,,,,,,,,,,,,,,,,,,,,,,,,,,,,,,,,,,,,,,,,,,,,,,,,,,,,,,,,,,,,
SMXXX(41:1)_[M+OAC]1-,SM,857.6753,6.203,11.266,4.685,0.858,1.455,9.108,2.572,0.000,2.842,0.000,6.665,6.491,1.717,1.541,5.670,7.561,,,,,,,,,,,,,,,,,,,,,,,,,,,,,,,,,,,,,,,,,,,,,,,,,,,,,,,,,,,,,,,,,,,,,,,,,,,,,,,,,,
SMXXX(42:0)_[M+OAC]1-,SM,875.7223,0.000,0.293,0.000,0.000,0.000,0.000,0.620,0.000,0.000,0.893,0.000,0.000,0.022,0.000,0.000,0.188,,,,,,,,,,,,,,,,,,,,,,,,,,,,,,,,,,,,,,,,,,,,,,,,,,,,,,,,,,,,,,,,,,,,,,,,,,,,,,,,,,
SMXXX(42:3)_[M+OAC]1-,SM,869.6753,0.169,0.000,0.000,0.000,0.000,0.000,0.000,0.000,0.000,0.000,0.000,0.000,0.000,0.000,0.000,0.000,,,,,,,,,,,,,,,,,,,,,,,,,,,,,,,,,,,,,,,,,,,,,,,,,,,,,,,,,,,,,,,,,,,,,,,,,,,,,,,,,,
